tradingsymbol,exchange,instrument_token,isin,product,price,quantity,used_quantity,t1_quantity,realised_quantity,authorised_quantity,authorised_date,authorisation,opening_quantity,short_quantity,collateral_quantity,collateral_type,discrepancy,average_price,last_price,close_price,pnl,day_change,day_change_percentage,source,key,ltp,open,high,low,qty,Invested,value,value_H,PnL,PnL_H,PnL%,PnL%_H,Yvalue,dPnL,dPnL%
ABMKNO,BSE,135977220.0,INE850B01026,CNC,0.0,207.0,0.0,0.0,207.0,0.0,2023-10-02 00:00:00,{},207.0,0.0,0.0,,False,112.06,90.82,92.39,-4397.0099580000015,-1.5700000000000074,-1.6993181080203565,holdings,BSE:ABMKNO,90.82,92.51,95.65,90.0,207.0,23196.75,18799.74,19799.550000000003,-4397.01,-3397.1999579999974,-18.96,-14.65,19124.73,-324.99,-22.99
ADANIGREEN,BSE,138611204.0,INE364U01010,CNC,0.0,13.0,0.0,0.0,13.0,0.0,2023-10-02 00:00:00,{},13.0,0.0,0.0,,False,1080.12,988.2,1011.75,-1194.950002999998,-23.549999999999955,-2.327650111193472,holdings,BSE:ADANIGREEN,988.2,1008.0,1012.45,983.75,13.0,14041.55,12846.6,13161.85,-1194.95,-879.7000029999981,-8.51,-6.26,13152.75,-306.15,-9.09
AGIIL,BSE,137994756.0,INE976R01017,CNC,0.0,17.0,0.0,0.0,17.0,0.0,2023-10-02 00:00:00,{},17.0,0.0,0.0,,False,609.95,581.0,582.85,-492.1500000000008,-1.8500000000000227,-0.317405850561898,holdings,BSE:AGIIL,581.0,580.0,600.0,560.1,17.0,10369.15,9877.0,10200.0,-492.15,-169.15000000000146,-4.75,-1.63,9908.45,-31.45,-4.97
AGSTRA,NSE,2029313.0,INE583L01014,CNC,0.0,77.0,0.0,0.0,77.0,0.0,2023-10-02 00:00:00,{},77.0,0.0,0.0,,False,65.5,60.65,61.1,-373.4500000000001,-0.45000000000000284,-0.7364975450081879,holdings,NSE:AGSTRA,60.65,61.0,61.3,60.5,77.0,5043.5,4670.05,4720.099999999999,-373.45,-323.40000000000055,-7.4,-6.41,4704.7,-34.65,-7.94
AJANTSOY,BSE,132919300.0,INE601B01023,CNC,0.0,278.0,0.0,0.0,278.0,0.0,2023-10-02 00:00:00,{},278.0,0.0,0.0,,False,36.3,35.59,34.98,-197.37999999999826,0.6100000000000065,1.7438536306461023,holdings,BSE:AJANTSOY,35.59,34.98,35.99,34.51,278.0,10091.4,9894.02,10005.220000000001,-197.38,-86.17999999999847,-1.96,-0.85,9724.44,169.58,-2.03
ALBERTDA,BSE,134163204.0,INE155C01010,CNC,0.0,6.0,0.0,0.0,6.0,0.0,2023-10-02 00:00:00,{},6.0,0.0,0.0,,False,813.42,772.5,770.0,-245.50000199999977,2.5,0.3246753246753247,holdings,BSE:ALBERTDA,772.5,775.05,779.0,767.3,6.0,4880.5,4635.0,4674.0,-245.5,-206.50000199999977,-5.03,-4.23,4620.0,15.0,-5.31
ALEMBICLTD,BSE,129596164.0,INE426A01027,CNC,0.0,117.0,0.0,0.0,117.0,0.0,2023-10-02 00:00:00,{},117.0,0.0,0.0,,False,85.3,78.88,76.89,-751.1400000000002,1.9899999999999949,2.5881128885420663,holdings,BSE:ALEMBICLTD,78.88,78.99,79.43,77.01,117.0,9980.1,9228.96,9293.310000000001,-751.14,-686.789999999999,-7.53,-6.88,8996.13,232.83,-8.35
ALICON,NSE,3495937.0,INE062D01024,CNC,0.0,7.0,0.0,0.0,7.0,0.0,2023-10-02 00:00:00,{},7.0,0.0,0.0,,False,886.52,862.4,861.0,-168.85000300000024,1.3999999999999773,0.16260162601625752,holdings,NSE:ALICON,862.4,861.3,867.85,856.05,7.0,6205.65,6036.8,6074.95,-168.85,-130.70000299999992,-2.72,-2.11,6027.0,9.8,-2.8
ALPHAGEO,BSE,134757636.0,INE137C01018,CNC,0.0,32.0,0.0,0.0,32.0,0.0,2023-10-02 00:00:00,{},32.0,0.0,0.0,,False,311.38,297.25,294.55,-452.2000000000007,2.6999999999999886,0.9166525207944284,holdings,BSE:ALPHAGEO,297.25,296.6,299.0,296.0,32.0,9964.2,9512.0,9568.0,-452.2,-396.2000000000007,-4.54,-3.98,9425.6,86.4,-4.8
AMJLAND,NSE,665089.0,INE606A01024,CNC,0.0,314.0,0.0,0.0,314.0,0.0,2023-10-02 00:00:00,{},314.0,0.0,0.0,,False,31.97,31.75,32.15,-68.65013399999953,-0.3999999999999986,-1.2441679626749569,holdings,NSE:AMJLAND,31.75,32.7,32.7,31.5,314.0,10038.15,9969.5,10267.800000000001,-68.65,229.64986600000157,-0.68,2.29,10095.1,-125.6,-0.68
ANUP,NSE,2307585.0,INE294Z01018,CNC,0.0,2.0,0.0,0.0,2.0,0.0,2023-10-02 00:00:00,{},2.0,0.0,0.0,,False,2253.3,1982.7,1949.5,-541.2000000000003,33.200000000000045,1.703000769428061,holdings,NSE:ANUP,1982.7,1963.4,1997.0,1927.5,2.0,4506.6,3965.4,3994.0,-541.2,-512.6000000000004,-12.01,-11.37,3899.0,66.4,-13.88
APCOTEXIND,BSE,134065668.0,INE116A01032,CNC,0.0,9.0,0.0,0.0,9.0,0.0,2023-10-02 00:00:00,{},9.0,0.0,0.0,,False,546.13,507.45,504.4,-348.14999700000004,3.0500000000000114,0.6046788263283132,holdings,BSE:APCOTEXIND,507.45,503.25,521.25,500.0,9.0,4915.2,4567.05,4691.25,-348.15,-223.9499969999997,-7.08,-4.56,4539.6,27.45,-7.67
APEX,NSE,5535489.0,INE346W01013,CNC,0.0,42.0,0.0,0.0,42.0,0.0,2023-10-02 00:00:00,{},42.0,0.0,0.0,,False,241.81,225.9,224.55,-668.1499859999999,1.3499999999999943,0.6012024048096167,holdings,NSE:APEX,225.9,225.65,228.95,223.8,42.0,10155.95,9487.8,9615.9,-668.15,-540.049986,-6.58,-5.32,9431.1,56.7,-7.08
APLLTD,NSE,6483969.0,INE901L01018,CNC,0.0,12.0,0.0,0.0,12.0,0.0,2023-10-02 00:00:00,{},12.0,0.0,0.0,,False,803.8,784.45,762.85,-232.1999999999989,21.600000000000023,2.8314871862096114,holdings,NSE:APLLTD,784.45,769.75,789.0,760.75,12.0,9645.6,9413.4,9468.0,-232.2,-177.59999999999854,-2.41,-1.84,9154.2,259.2,-2.54
APOLLO,BSE,138465028.0,INE713T01028,CNC,0.0,87.0,0.0,0.0,87.0,0.0,2023-10-02 00:00:00,{},87.0,0.0,0.0,,False,58.1,56.73,57.37,-119.1900000000004,-0.6400000000000006,-1.1155656266341303,holdings,BSE:APOLLO,56.73,58.49,58.49,56.26,87.0,5054.7,4935.51,5088.63,-119.19,33.93000000000029,-2.36,0.67,4991.19,-55.68,-2.39
ARFIN,BSE,138022660.0,INE784R01023,CNC,0.0,214.0,0.0,0.0,214.0,0.0,2023-10-02 00:00:00,{},214.0,0.0,0.0,,False,46.0,39.3,38.49,-1433.8000000000006,0.8099999999999952,2.104442712392817,holdings,BSE:ARFIN,39.3,38.49,39.45,38.12,214.0,9844.0,8410.2,8442.300000000001,-1433.8,-1401.699999999999,-14.57,-14.24,8236.86,173.34,-17.41
ARMANFIN,NSE,4419329.0,INE109C01017,CNC,0.0,2.0,0.0,0.0,2.0,0.0,2023-10-02 00:00:00,{},2.0,0.0,0.0,,False,2427.88,2172.95,2201.9,-509.85000000000036,-28.950000000000273,-1.3147736046142091,holdings,NSE:ARMANFIN,2172.95,2201.1,2209.85,2167.05,2.0,4855.75,4345.9,4419.7,-509.85,-436.0500000000002,-10.5,-8.98,4403.8,-57.9,-11.58
ASAHISONG,NSE,6422529.0,INE228I01012,CNC,0.0,36.0,0.0,0.0,36.0,0.0,2023-10-02 00:00:00,{},36.0,0.0,0.0,,False,273.48,242.8,246.75,-1104.3000000000004,-3.9499999999999886,-1.600810536980745,holdings,NSE:ASAHISONG,242.8,246.75,247.95,241.3,36.0,9845.1,8740.8,8926.199999999999,-1104.3,-918.9000000000015,-11.22,-9.33,8883.0,-142.2,-12.43
ASHIANA,BSE,134071300.0,INE365D01021,CNC,0.0,24.0,0.0,0.0,24.0,0.0,2023-10-02 00:00:00,{},24.0,0.0,0.0,,False,207.58,206.35,207.55,-29.399999999999864,-1.200000000000017,-0.5781739339918174,holdings,BSE:ASHIANA,206.35,212.95,212.95,205.9,24.0,4981.8,4952.4,5110.799999999999,-29.4,129.0,-0.59,2.59,4981.2,-28.8,-0.59
ASPINWALL,NSE,4421121.0,INE991I01015,CNC,0.0,37.0,0.0,0.0,37.0,0.0,2023-10-02 00:00:00,{},37.0,0.0,0.0,,False,268.46,272.9,269.05,164.0999950000001,3.849999999999966,1.430960787957616,holdings,NSE:ASPINWALL,272.9,266.1,275.0,266.1,37.0,9933.2,10097.3,10175.0,164.1,241.79999500000122,1.65,2.43,9954.85,142.45,1.65
ASRL,BSE,138717444.0,INE01B501018,CNC,0.0,320.0,0.0,0.0,320.0,0.0,2023-10-02 00:00:00,{},320.0,0.0,0.0,,False,39.25,35.45,35.4,-1214.599999999998,0.05000000000000426,0.1412429378531194,holdings,BSE:ASRL,35.45,36.0,36.69,35.02,320.0,12558.6,11344.0,11740.8,-1214.6,-817.7999999999993,-9.67,-6.51,11328.0,16.0,-10.72
AURUM,BSE,138057988.0,INE898S01029,CNC,0.0,140.0,0.0,0.0,140.0,0.0,2023-10-02 00:00:00,{},140.0,0.0,0.0,,False,142.0,122.85,122.5,-2681.000000000001,0.3499999999999943,0.2857142857142811,holdings,BSE:AURUM,122.85,122.25,124.65,122.25,140.0,19880.0,17199.0,17451.0,-2681.0,-2429.0,-13.49,-12.22,17150.0,49.0,-15.63
AVADHSUGAR,BSE,138406148.0,INE349W01017,CNC,0.0,14.0,0.0,0.0,14.0,0.0,2023-10-02 00:00:00,{},14.0,0.0,0.0,,False,711.55,689.8,693.0,-304.5,-3.2000000000000455,-0.46176046176046837,holdings,BSE:AVADHSUGAR,689.8,694.3,696.4,685.5,14.0,9961.7,9657.2,9749.6,-304.5,-212.09999999999854,-3.06,-2.13,9702.0,-44.8,-3.14
AVANTI,BSE,131218692.0,INE871C01038,CNC,0.0,10.0,0.0,0.0,10.0,0.0,2023-10-02 00:00:00,{},10.0,0.0,0.0,,False,473.25,441.5,438.5,-317.5,3.0,0.6841505131128849,holdings,BSE:AVANTI,441.5,440.05,443.0,435.05,10.0,4732.5,4415.0,4430.0,-317.5,-302.5,-6.71,-6.39,4385.0,30.0,-7.24
AWL,BSE,139125252.0,INE699H01024,CNC,0.0,148.0,0.0,0.0,148.0,0.0,2023-10-02 00:00:00,{},148.0,0.0,0.0,,False,432.82,337.55,338.9,-14100.649975999997,-1.349999999999966,-0.39834759516080437,holdings,BSE:AWL,337.55,339.4,341.95,337.0,148.0,64058.05,49957.4,50608.6,-14100.65,-13449.449975999996,-22.01,-21.0,50157.2,-199.8,-28.11
AYMSYNTEX,BSE,130286852.0,INE193B01039,CNC,0.0,71.0,0.0,0.0,71.0,0.0,2023-10-02 00:00:00,{},71.0,0.0,0.0,,False,71.5,69.51,66.2,-141.28999999999962,3.3100000000000023,5.000000000000003,holdings,BSE:AYMSYNTEX,69.51,67.0,72.85,66.35,71.0,5076.5,4935.21,5172.349999999999,-141.29,95.84999999999945,-2.78,1.89,4700.2,235.01,-3.01
BALMLAWRIE,NSE,86529.0,INE164A01016,CNC,0.0,58.0,0.0,0.0,58.0,0.0,2023-10-02 00:00:00,{},58.0,0.0,0.0,,False,172.0,153.8,154.25,-1055.5999999999995,-0.44999999999998863,-0.29173419773094883,holdings,NSE:BALMLAWRIE,153.8,155.0,155.75,153.5,58.0,9976.0,8920.4,9033.5,-1055.6,-942.5,-10.58,-9.45,8946.5,-26.1,-11.8
BALPHARMA,NSE,3440897.0,INE083D01012,CNC,0.0,98.0,0.0,0.0,98.0,0.0,2023-10-02 00:00:00,{},98.0,0.0,0.0,,False,101.45,95.55,93.8,-578.2000000000005,1.75,1.865671641791045,holdings,NSE:BALPHARMA,95.55,93.2,96.9,93.2,98.0,9942.1,9363.9,9496.2,-578.2,-445.89999999999964,-5.82,-4.48,9192.4,171.5,-6.29
BANARBEADS,BSE,134873348.0,INE655B01011,CNC,0.0,51.0,0.0,0.0,51.0,0.0,2023-10-02 00:00:00,{},51.0,0.0,0.0,,False,97.0,91.15,91.65,-298.3499999999997,-0.5,-0.5455537370430987,holdings,BSE:BANARBEADS,91.15,91.65,92.25,89.4,51.0,4947.0,4648.65,4704.75,-298.35,-242.25,-6.03,-4.9,4674.15,-25.5,-6.38
BANSWRAS,NSE,3714817.0,INE629D01020,CNC,0.0,29.0,0.0,0.0,29.0,0.0,2023-10-02 00:00:00,{},29.0,0.0,0.0,,False,176.15,148.8,149.95,-793.1499999999999,-1.1499999999999773,-0.7669223074357969,holdings,NSE:BANSWRAS,148.8,150.9,150.9,146.6,29.0,5108.35,4315.2,4376.1,-793.15,-732.25,-15.53,-14.33,4348.55,-33.35,-18.24
BBTC,NSE,97281.0,INE050A01025,CNC,0.0,3.0,0.0,0.0,3.0,0.0,2023-10-02 00:00:00,{},3.0,0.0,0.0,,False,1303.98,1261.45,1230.7,-127.59999899999957,30.75,2.498578045015032,holdings,NSE:BBTC,1261.45,1242.8,1307.75,1230.0,3.0,3911.95,3784.35,3923.25,-127.6,11.30000100000052,-3.26,0.29,3692.1,92.25,-3.46
BDL,BSE,138532612.0,INE171Z01018,CNC,0.0,4.0,0.0,0.0,4.0,0.0,2023-10-02 00:00:00,{},4.0,0.0,0.0,,False,1186.7,1031.55,1004.9,-620.6000000000004,26.649999999999977,2.6520051746442412,holdings,BSE:BDL,1031.55,1009.0,1039.9,1003.8,4.0,4746.8,4126.2,4159.6,-620.6,-587.1999999999998,-13.07,-12.37,4019.6,106.6,-15.44
BECTORFOOD,NSE,416769.0,INE495P01012,CNC,0.0,4.0,0.0,0.0,4.0,0.0,2023-10-02 00:00:00,{},4.0,0.0,0.0,,False,1038.85,1042.7,1013.1,15.400000000000546,29.600000000000023,2.921725397295432,holdings,NSE:BECTORFOOD,1042.7,1022.7,1047.0,1010.2,4.0,4155.4,4170.8,4188.0,15.4,32.600000000000364,0.37,0.78,4052.4,118.4,0.38
BEPL,BSE,128013316.0,INE922A01025,CNC,0.0,53.0,0.0,0.0,53.0,0.0,2023-10-02 00:00:00,{},53.0,0.0,0.0,,False,92.9,88.17,88.36,-250.69000000000023,-0.18999999999999773,-0.2150294250792188,holdings,BSE:BEPL,88.17,88.61,89.3,87.9,53.0,4923.7,4673.01,4732.9,-250.69,-190.8000000000011,-5.09,-3.88,4683.08,-10.07,-5.35
BHAGIL,BSE,135885572.0,INE354C01027,CNC,0.0,31.0,0.0,0.0,31.0,0.0,2023-10-02 00:00:00,{},31.0,0.0,0.0,,False,165.35,152.0,151.95,-413.8499999999998,0.05000000000001137,0.032905561039823214,holdings,BSE:BHAGIL,152.0,152.95,154.95,152.0,31.0,5125.85,4712.0,4803.45,-413.85,-322.39999999999964,-8.07,-6.29,4710.45,1.55,-8.79
BHARATGEAR,BSE,129456132.0,INE561C01019,CNC,0.0,54.0,0.0,0.0,54.0,0.0,2023-10-02 00:00:00,{},54.0,0.0,0.0,,False,127.65,122.6,121.65,-272.7000000000006,0.9499999999999886,0.7809288943690823,holdings,BSE:BHARATGEAR,122.6,122.95,123.3,122.1,54.0,6893.1,6620.4,6658.2,-272.7,-234.90000000000055,-3.96,-3.41,6569.1,51.3,-4.15
BIRLACORPN,BSE,128085764.0,INE340A01012,CNC,0.0,4.0,0.0,0.0,4.0,0.0,2023-10-02 00:00:00,{},4.0,0.0,0.0,,False,1281.15,1235.5,1198.35,-182.60000000000036,37.15000000000009,3.100095965285609,holdings,BSE:BIRLACORPN,1235.5,1219.95,1235.5,1197.3,4.0,5124.6,4942.0,4942.0,-182.6,-182.60000000000036,-3.56,-3.56,4793.4,148.6,-3.81
BIRLAMONEY,NSE,3901185.0,INE865C01022,CNC,0.0,129.0,0.0,0.0,129.0,0.0,2023-10-02 00:00:00,{},129.0,0.0,0.0,,False,77.5,78.9,75.6,180.60000000000073,3.3000000000000114,4.36507936507938,holdings,NSE:BIRLAMONEY,78.9,75.8,79.85,75.15,129.0,9997.5,10178.1,10300.65,180.6,303.14999999999964,1.81,3.03,9752.4,425.7,1.85
BLBLIMITED,BSE,136266244.0,INE791A01024,CNC,0.0,426.0,0.0,0.0,426.0,0.0,2023-10-02 00:00:00,{},426.0,0.0,0.0,,False,23.45,22.8,22.93,-276.8999999999994,-0.129999999999999,-0.5669428696031357,holdings,BSE:BLBLIMITED,22.8,23.06,23.09,22.8,426.0,9989.7,9712.8,9836.34,-276.9,-153.35999999999876,-2.77,-1.54,9768.18,-55.38,-2.83
BLISSGVS,BSE,129586436.0,INE416D01022,CNC,0.0,52.0,0.0,0.0,52.0,0.0,2023-10-02 00:00:00,{},52.0,0.0,0.0,,False,98.0,89.3,89.09,-452.40000000000015,0.20999999999999375,0.23571669098663572,holdings,BSE:BLISSGVS,89.3,91.95,91.95,88.62,52.0,5096.0,4643.6,4781.400000000001,-452.4,-314.59999999999945,-8.88,-6.17,4632.68,10.92,-9.77
BPL,NSE,135681.0,INE110A01019,CNC,0.0,0.0,0.0,115.0,0.0,0.0,2023-10-02 00:00:00,{},115.0,0.0,0.0,,False,86.8,84.0,84.65,-321.99999999999966,-0.6500000000000057,-0.7678676904902606,holdings,NSE:BPL,84.0,85.7,85.85,83.45,115.0,9982.0,9660.0,9872.75,-322.0,-109.25,-3.23,-1.09,9734.75,-74.75,-3.31
BPLPHARMA,BSE,138520580.0,INE365Y01019,CNC,0.0,16.0,0.0,0.0,16.0,0.0,2023-10-02 00:00:00,{},16.0,0.0,0.0,,False,631.0,547.0,551.1,-1344.0,-4.100000000000023,-0.7439666122300893,holdings,BSE:BPLPHARMA,547.0,546.0,559.0,546.0,16.0,10096.0,8752.0,8944.0,-1344.0,-1152.0,-13.31,-11.41,8817.6,-65.6,-15.24
BRPL,BSE,137867780.0,INE319Q01012,CNC,0.0,143.0,0.0,0.0,143.0,0.0,2023-10-02 00:00:00,{},143.0,0.0,0.0,,False,119.0,106.7,105.85,-1758.2198919999996,0.8500000000000085,0.8030231459612741,holdings,BSE:BRPL,106.7,109.95,109.95,105.0,143.0,17016.32,15258.1,15722.85,-1758.22,-1293.4698919999992,-10.33,-7.6,15136.55,121.55,-11.62
BUTTERFLY,NSE,695297.0,INE295F01017,CNC,0.0,4.0,0.0,0.0,4.0,0.0,2023-10-02 00:00:00,{},4.0,0.0,0.0,,False,1265.6,1266.3,1235.85,2.800000000000182,30.450000000000045,2.4638912489379816,holdings,NSE:BUTTERFLY,1266.3,1235.85,1285.6,1218.0,4.0,5062.4,5065.2,5142.4,2.8,80.0,0.06,1.58,4943.4,121.8,0.06
CAMPUS,BSE,139141892.0,INE278Y01022,CNC,0.0,109.0,0.0,0.0,109.0,0.0,2023-10-02 00:00:00,{},109.0,0.0,0.0,,False,333.02,289.1,289.9,-4786.9999789999965,-0.7999999999999545,-0.2759572266298567,holdings,BSE:CAMPUS,289.1,290.55,293.8,288.0,109.0,36298.9,31511.9,32024.2,-4787.0,-4274.699979000001,-13.19,-11.78,31599.1,-87.2,-15.15
CARBORUNIV,BSE,131424004.0,INE120A01034,CNC,0.0,8.0,0.0,0.0,8.0,0.0,2023-10-02 00:00:00,{},8.0,0.0,0.0,,False,1201.95,1177.0,1187.95,-199.60000000000036,-10.950000000000045,-0.9217559661601957,holdings,BSE:CARBORUNIV,1177.0,1181.05,1193.2,1168.1,8.0,9615.6,9416.0,9545.6,-199.6,-70.0,-2.08,-0.73,9503.6,-87.6,-2.1
CAREERP-BE,NSE,5143041.0,INE521J01018,CNC,0.0,48.0,0.0,0.0,48.0,0.0,2023-10-02 00:00:00,{},48.0,0.0,0.0,,False,215.0,190.75,190.85,-1164.0,-0.09999999999999432,-0.05239717055278717,holdings,NSE:CAREERP-BE,190.75,192.0,193.0,186.0,48.0,10320.0,9156.0,9264.0,-1164.0,-1056.0,-11.28,-10.23,9160.8,-4.8,-12.71
CASTROLIND,BSE,128222724.0,INE172A01027,CNC,0.0,33.0,0.0,0.0,33.0,0.0,2023-10-02 00:00:00,{},33.0,0.0,0.0,,False,155.35,138.65,136.6,-551.0999999999997,2.0500000000000114,1.5007320644216775,holdings,BSE:CASTROLIND,138.65,137.95,138.95,136.1,33.0,5126.55,4575.45,4585.349999999999,-551.1,-541.2000000000007,-10.75,-10.56,4507.8,67.65,-12.23
CDSL,NSE,5420545.0,INE736A01011,CNC,0.0,3.0,0.0,0.0,3.0,0.0,2023-10-02 00:00:00,{},3.0,0.0,0.0,,False,1425.0,1359.8,1333.1,-195.60000000000014,26.700000000000045,2.0028504988373,holdings,NSE:CDSL,1359.8,1339.0,1363.95,1327.4,3.0,4275.0,4079.4,4091.8500000000004,-195.6,-183.14999999999964,-4.58,-4.28,3999.3,80.1,-4.89
CENTRALBK,NSE,3812865.0,INE483A01010,CNC,0.0,191.0,0.0,0.0,191.0,0.0,2023-10-02 00:00:00,{},191.0,0.0,0.0,,False,52.25,51.3,50.3,-181.45000000000056,1.0,1.9880715705765408,holdings,NSE:CENTRALBK,51.3,51.05,52.1,50.7,191.0,9979.75,9798.3,9951.1,-181.45,-28.649999999999636,-1.82,-0.29,9607.3,191.0,-1.89
CHAMANSEQ,BSE,135758596.0,INE419D01026,CNC,0.0,41.0,0.0,0.0,41.0,0.0,2023-10-02 00:00:00,{},41.0,0.0,0.0,,False,243.45,238.0,234.6,-223.44999999999953,3.4000000000000057,1.449275362318843,holdings,BSE:CHAMANSEQ,238.0,238.9,238.95,233.35,41.0,9981.45,9758.0,9796.949999999999,-223.45,-184.5,-2.24,-1.85,9618.6,139.4,-2.32
CHEMPLASTS,BSE,139094020.0,INE488A01050,CNC,0.0,20.0,0.0,0.0,20.0,0.0,2023-10-02 00:00:00,{},20.0,0.0,0.0,,False,493.6,484.4,483.4,-184.0000000000009,1.0,0.2068680182043856,holdings,BSE:CHEMPLASTS,484.4,485.9,486.15,481.25,20.0,9872.0,9688.0,9723.0,-184.0,-149.0,-1.86,-1.51,9668.0,20.0,-1.9
CHOLAHLDNG,NSE,5565441.0,INE149A01033,CNC,0.0,8.0,0.0,0.0,8.0,0.0,2023-10-02 00:00:00,{},8.0,0.0,0.0,,False,1238.0,1160.45,1156.4,-620.3999999999996,4.0499999999999545,0.3502248356969867,holdings,NSE:CHOLAHLDNG,1160.45,1150.0,1174.0,1138.8,8.0,9904.0,9283.6,9392.0,-620.4,-512.0,-6.26,-5.17,9251.2,32.4,-6.71
CINELINE,BSE,136398596.0,INE704H01022,CNC,0.0,45.0,0.0,0.0,45.0,0.0,2023-10-02 00:00:00,{},45.0,0.0,0.0,,False,113.8,116.6,114.35,125.99999999999987,2.25,1.9676432006996065,holdings,BSE:CINELINE,116.6,114.65,116.6,114.65,45.0,5121.0,5247.0,5247.0,126.0,126.0,2.46,2.46,5145.75,101.25,2.45
CLEDUCATE,NSE,5177089.0,INE201M01029,CNC,0.0,62.0,0.0,0.0,62.0,0.0,2023-10-02 00:00:00,{},62.0,0.0,0.0,,False,80.5,71.25,71.3,-573.5,-0.04999999999999716,-0.07012622720897217,holdings,NSE:CLEDUCATE,71.25,71.05,74.0,70.9,62.0,4991.0,4417.5,4588.0,-573.5,-403.0,-11.49,-8.07,4420.6,-3.1,-12.97
CONTROLPR,NSE,4474113.0,INE663B01015,CNC,0.0,6.0,0.0,0.0,6.0,0.0,2023-10-02 00:00:00,{},6.0,0.0,0.0,,False,810.0,756.45,743.4,-321.2999999999997,13.050000000000068,1.755447941888629,holdings,NSE:CONTROLPR,756.45,740.0,769.8,740.0,6.0,4860.0,4538.7,4618.799999999999,-321.3,-241.20000000000073,-6.61,-4.96,4460.4,78.3,-7.2
CORALFINAC,BSE,136078340.0,INE558D01021,CNC,0.0,113.0,0.0,0.0,113.0,0.0,2023-10-02 00:00:00,{},113.0,0.0,0.0,,False,44.0,40.94,40.99,-345.78000000000026,-0.05000000000000426,-0.1219809709685393,holdings,BSE:CORALFINAC,40.94,43.25,43.25,40.55,113.0,4972.0,4626.22,4887.25,-345.78,-84.75,-6.95,-1.7,4631.87,-5.65,-7.47
CREATIVE,NSE,2855681.0,INE985W01018,CNC,0.0,6.0,0.0,0.0,6.0,0.0,2023-10-02 00:00:00,{},6.0,0.0,0.0,,False,544.77,527.7,517.5,-102.40000199999963,10.200000000000045,1.9710144927536322,holdings,NSE:CREATIVE,527.7,523.55,532.45,511.05,6.0,3268.6,3166.2,3194.7000000000003,-102.4,-73.90000199999986,-3.13,-2.26,3105.0,61.2,-3.3
CREST,NSE,3558401.0,INE559D01011,CNC,0.0,19.0,0.0,0.0,19.0,0.0,2023-10-02 00:00:00,{},19.0,0.0,0.0,,False,256.92,229.75,232.05,-516.1499910000003,-2.3000000000000114,-0.9911656970480548,holdings,NSE:CREST,229.75,234.95,237.1,226.1,19.0,4881.4,4365.25,4504.9,-516.15,-376.4999910000006,-10.57,-7.71,4408.95,-43.7,-11.71
CRISIL,BSE,128023556.0,INE007A01025,CNC,0.0,3.0,0.0,0.0,3.0,0.0,2023-10-02 00:00:00,{},3.0,0.0,0.0,,False,3975.0,3931.65,3904.9,-130.04999999999973,26.75,0.6850367487003508,holdings,BSE:CRISIL,3931.65,3911.95,3960.0,3853.85,3.0,11925.0,11794.95,11880.0,-130.05,-45.0,-1.09,-0.38,11714.7,80.25,-1.11
CROMPTON,BSE,138208260.0,INE299U01018,CNC,0.0,16.0,0.0,0.0,16.0,0.0,2023-10-02 00:00:00,{},16.0,0.0,0.0,,False,311.0,310.75,305.6,-4.0,5.149999999999977,1.6852094240837623,holdings,BSE:CROMPTON,310.75,308.95,316.7,305.6,16.0,4976.0,4972.0,5067.2,-4.0,91.19999999999982,-0.08,1.83,4889.6,82.4,-0.08
CSBBANK,BSE,138973956.0,INE679A01013,CNC,0.0,0.0,0.0,29.0,0.0,0.0,2023-10-02 00:00:00,{},29.0,0.0,0.0,,False,340.0,337.6,340.65,-69.59999999999934,-3.0499999999999545,-0.8953471304858227,holdings,BSE:CSBBANK,337.6,344.95,344.95,332.1,29.0,9860.0,9790.4,10003.55,-69.6,143.54999999999927,-0.71,1.46,9878.85,-88.45,-0.7
CSLFINANCE,BSE,135697156.0,INE718F01018,CNC,0.0,28.0,0.0,0.0,28.0,0.0,2023-10-02 00:00:00,{},28.0,0.0,0.0,,False,352.8,329.1,327.05,-663.5999999999997,2.0500000000000114,0.6268154716404254,holdings,BSE:CSLFINANCE,329.1,331.7,334.75,326.15,28.0,9878.4,9214.8,9373.0,-663.6,-505.39999999999964,-6.72,-5.12,9157.4,57.4,-7.25
CYIENT,NSE,1471489.0,INE136B01020,CNC,0.0,5.0,0.0,0.0,5.0,0.0,2023-10-02 00:00:00,{},5.0,0.0,0.0,,False,1698.1,1694.3,1691.15,-18.999999999999773,3.1499999999998636,0.18626378499836582,holdings,NSE:CYIENT,1694.3,1702.85,1716.55,1685.05,5.0,8490.5,8471.5,8582.75,-19.0,92.25,-0.22,1.09,8455.75,15.75,-0.22
DANGEE,NSE,284161.0,INE688Y01022,CNC,0.0,390.0,0.0,0.0,390.0,0.0,2023-10-02 00:00:00,{},390.0,0.0,0.0,,False,13.1,9.75,9.95,-1306.4999999999998,-0.1999999999999993,-2.0100502512562746,holdings,NSE:DANGEE,9.75,10.0,10.15,9.7,390.0,5109.0,3802.5,3958.5,-1306.5,-1150.5,-25.57,-22.52,3880.5,-78.0,-33.67
DAVANGERE,BSE,139076356.0,INE179G01011,CNC,0.0,46.0,0.0,0.0,46.0,0.0,2023-10-02 00:00:00,{},46.0,0.0,0.0,,False,110.89,93.25,95.1,-811.44,-1.8499999999999943,-1.9453207150367975,holdings,BSE:DAVANGERE,93.25,94.0,98.0,93.1,46.0,5100.94,4289.5,4508.0,-811.44,-592.9399999999996,-15.91,-11.62,4374.6,-85.1,-18.55
DEEPINDS,NSE,842753.0,INE0FHS01024,CNC,0.0,19.0,0.0,0.0,19.0,0.0,2023-10-02 00:00:00,{},19.0,0.0,0.0,,False,263.15,267.35,264.05,79.80000000000086,3.3000000000000114,1.2497633024048518,holdings,NSE:DEEPINDS,267.35,264.05,270.4,262.05,19.0,4999.85,5079.65,5137.599999999999,79.8,137.75,1.6,2.76,5016.95,62.7,1.59
DHANBANK,NSE,2907905.0,INE680A01011,CNC,0.0,313.0,0.0,0.0,313.0,0.0,2023-10-02 00:00:00,{},313.0,0.0,0.0,,False,31.9,29.15,28.95,-860.75,0.1999999999999993,0.6908462867012065,holdings,NSE:DHANBANK,29.15,29.1,29.5,29.0,313.0,9984.7,9123.95,9233.5,-860.75,-751.1999999999989,-8.62,-7.52,9061.35,62.6,-9.5
DMCC,BSE,129639684.0,INE505A01010,CNC,0.0,14.0,0.0,0.0,14.0,0.0,2023-10-02 00:00:00,{},14.0,0.0,0.0,,False,355.6,311.6,314.7,-616.0,-3.099999999999966,-0.9850651414045014,holdings,BSE:DMCC,311.6,314.6,316.65,308.95,14.0,4978.4,4362.4,4433.099999999999,-616.0,-545.3000000000011,-12.37,-10.95,4405.8,-43.4,-13.98
DHARMAJ,BSE,139183876.0,INE00OQ01016,CNC,0.0,22.0,0.0,0.0,22.0,0.0,2023-10-02 00:00:00,{},22.0,0.0,0.0,,False,223.2,210.0,209.55,-290.39999999999975,0.44999999999998863,0.21474588403721717,holdings,BSE:DHARMAJ,210.0,210.0,212.25,207.9,22.0,4910.4,4620.0,4669.5,-290.4,-240.89999999999964,-5.91,-4.91,4610.1,9.9,-6.3
DIVISLAB,NSE,2800641.0,INE361B01024,CNC,0.0,2.0,0.0,0.0,2.0,0.0,2023-10-02 00:00:00,{},2.0,0.0,0.0,,False,3777.3,3765.15,3665.0,-24.300000000000182,100.15000000000009,2.7326057298772195,holdings,NSE:DIVISLAB,3765.15,3687.0,3784.0,3687.0,2.0,7554.6,7530.3,7568.0,-24.3,13.399999999999636,-0.32,0.18,7330.0,200.3,-0.33
DODLA,BSE,139086340.0,INE021O01019,CNC,0.0,6.0,0.0,0.0,6.0,0.0,2023-10-02 00:00:00,{},6.0,0.0,0.0,,False,746.5,688.35,691.1,-348.89999999999986,-2.75,-0.39791636521487483,holdings,BSE:DODLA,688.35,690.0,697.95,679.7,6.0,4479.0,4130.1,4187.700000000001,-348.9,-291.2999999999993,-7.79,-6.5,4146.6,-16.5,-8.41
DPWIRES,BSE,139254276.0,INE864X01013,CNC,0.0,14.0,0.0,0.0,14.0,0.0,2023-10-02 00:00:00,{},14.0,0.0,0.0,,False,705.7,715.95,700.2,143.5,15.75,2.2493573264781492,holdings,BSE:DPWIRES,715.95,714.2,719.1,697.15,14.0,9879.8,10023.3,10067.4,143.5,187.59999999999854,1.45,1.9,9802.8,220.5,1.46
DREAMFOLKS,BSE,139159300.0,INE0JS101016,CNC,0.0,9.0,0.0,0.0,9.0,0.0,2023-10-02 00:00:00,{},9.0,0.0,0.0,,False,515.8,504.9,495.05,-98.0999999999998,9.849999999999966,1.9896980103019828,holdings,BSE:DREAMFOLKS,504.9,499.15,506.8,487.75,9.0,4642.2,4544.1,4561.2,-98.1,-81.0,-2.11,-1.74,4455.45,88.65,-2.2
DREDGECORP,BSE,134046212.0,INE506A01018,CNC,0.0,9.0,0.0,0.0,9.0,0.0,2023-10-02 00:00:00,{},9.0,0.0,0.0,,False,538.65,476.75,468.5,-557.0999999999998,8.25,1.7609391675560297,holdings,BSE:DREDGECORP,476.75,472.75,482.1,464.7,9.0,4847.85,4290.75,4338.900000000001,-557.1,-508.9499999999989,-11.49,-10.5,4216.5,74.25,-13.21
DVL,BSE,134076420.0,INE477B01010,CNC,0.0,36.0,0.0,0.0,36.0,0.0,2023-10-02 00:00:00,{},36.0,0.0,0.0,,False,273.85,269.05,268.8,-172.8000000000004,0.25,0.09300595238095237,holdings,BSE:DVL,269.05,269.2,270.0,266.9,36.0,9858.6,9685.8,9720.0,-172.8,-138.60000000000036,-1.75,-1.41,9676.8,9.0,-1.79
EASEMYTRIP,NSE,714753.0,INE07O001026,CNC,0.0,1174.0,0.0,0.0,1174.0,0.0,2023-10-02 00:00:00,{},1174.0,0.0,0.0,,False,47.82,40.55,42.1,-8540.099814000007,-1.5500000000000043,-3.681710213776732,holdings,NSE:EASEMYTRIP,40.55,42.05,42.95,40.15,1174.0,56145.8,47605.7,50423.3,-8540.1,-5722.4998140000025,-15.21,-10.19,49425.4,-1819.7,-17.28
EICHERMOT,BSE,129331204.0,INE066A01021,CNC,0.0,7.0,0.0,0.0,7.0,0.0,2023-10-02 00:00:00,{},7.0,0.0,0.0,,False,3615.0,3456.05,3447.0,-1112.6499999999987,9.050000000000182,0.26254714244270905,holdings,BSE:EICHERMOT,3456.05,3477.55,3480.0,3425.6,7.0,25305.0,24192.35,24360.0,-1112.65,-945.0,-4.4,-3.73,24129.0,63.35,-4.61
EIFFL,NSE,1546241.0,INE546V01010,CNC,0.0,34.0,0.0,0.0,34.0,0.0,2023-10-02 00:00:00,{},34.0,0.0,0.0,,False,149.35,142.5,143.8,-232.8999999999998,-1.3000000000000114,-0.9040333796940273,holdings,NSE:EIFFL,142.5,142.75,142.8,141.6,34.0,5077.9,4845.0,4855.200000000001,-232.9,-222.6999999999989,-4.59,-4.39,4889.2,-44.2,-4.76
EIHAHOTELS,NSE,3942145.0,INE276C01014,CNC,0.0,10.0,0.0,0.0,10.0,0.0,2023-10-02 00:00:00,{},10.0,0.0,0.0,,False,494.7,463.7,470.65,-310.0,-6.949999999999989,-1.4766811855943884,holdings,NSE:EIHAHOTELS,463.7,472.8,473.0,460.2,10.0,4947.0,4637.0,4730.0,-310.0,-217.0,-6.27,-4.39,4706.5,-69.5,-6.59
EIHOTEL,BSE,128215044.0,INE230A01023,CNC,0.0,43.0,0.0,0.0,43.0,0.0,2023-10-02 00:00:00,{},43.0,0.0,0.0,,False,232.35,223.2,223.85,-393.4500000000003,-0.6500000000000057,-0.29037301764574747,holdings,BSE:EIHOTEL,223.2,224.15,224.7,220.95,43.0,9991.05,9597.6,9662.1,-393.45,-328.9499999999989,-3.94,-3.29,9625.55,-27.95,-4.09
EKANSH,BSE,136029188.0,INE005E01013,CNC,0.0,138.0,0.0,0.0,138.0,0.0,2023-10-02 00:00:00,{},138.0,0.0,0.0,,False,74.86,58.99,57.56,-2189.5400160000004,1.4299999999999997,2.484364141765114,holdings,BSE:EKANSH,58.99,58.99,59.95,54.56,138.0,10330.16,8140.62,8273.1,-2189.54,-2057.0600160000013,-21.2,-19.91,7943.28,197.34,-27.56
EMKAY,BSE,136380676.0,INE296H01011,CNC,0.0,54.0,0.0,0.0,54.0,0.0,2023-10-02 00:00:00,{},54.0,0.0,0.0,,False,91.45,86.45,88.3,-270.0,-1.8499999999999943,-2.0951302378255883,holdings,BSE:EMKAY,86.45,87.6,87.6,86.45,54.0,4938.3,4668.3,4730.4,-270.0,-207.90000000000055,-5.47,-4.21,4768.2,-99.9,-5.66
EMMBI,BSE,136489220.0,INE753K01015,CNC,0.0,82.0,0.0,0.0,82.0,0.0,2023-10-02 00:00:00,{},82.0,0.0,0.0,,False,120.92,114.83,115.41,-499.08996599999955,-0.5799999999999983,-0.502556104323714,holdings,BSE:EMMBI,114.83,116.3,119.02,114.1,82.0,9915.15,9416.06,9759.64,-499.09,-155.50996599999962,-5.03,-1.57,9463.62,-47.56,-5.27
EMUDHRA,BSE,139144452.0,INE01QM01018,CNC,0.0,10.0,0.0,0.0,10.0,0.0,2023-10-02 00:00:00,{},10.0,0.0,0.0,,False,496.4,467.65,482.4,-287.5,-14.75,-3.057628524046435,holdings,BSE:EMUDHRA,467.65,471.15,487.0,465.2,10.0,4964.0,4676.5,4870.0,-287.5,-94.0,-5.79,-1.89,4824.0,-147.5,-5.96
ENIL,BSE,136371204.0,INE265F01028,CNC,0.0,43.0,0.0,0.0,43.0,0.0,2023-10-02 00:00:00,{},43.0,0.0,0.0,,False,160.0,159.5,156.95,-21.5,2.5500000000000114,1.6247212488053595,holdings,BSE:ENIL,159.5,158.55,160.0,156.65,43.0,6880.0,6858.5,6880.0,-21.5,0.0,-0.31,0.0,6748.85,109.65,-0.32
ERIS,BSE,138392580.0,INE406M01024,CNC,0.0,0.0,0.0,11.0,0.0,0.0,2023-10-02 00:00:00,{},11.0,0.0,0.0,,False,869.55,877.05,850.0,82.5,27.049999999999955,3.1823529411764655,holdings,BSE:ERIS,877.05,858.8,925.0,857.45,11.0,9565.05,9647.55,10175.0,82.5,609.9500000000007,0.86,6.38,9350.0,297.55,0.88
ESTER,NSE,6211841.0,INE778B01029,CNC,0.0,147.0,0.0,0.0,147.0,0.0,2023-10-02 00:00:00,{},147.0,0.0,0.0,,False,105.09,94.1,93.35,-1614.8999580000002,0.75,0.8034279592929834,holdings,NSE:ESTER,94.1,93.25,95.0,93.2,147.0,15447.6,13832.7,13965.0,-1614.9,-1482.5999579999989,-10.45,-9.6,13722.45,110.25,-11.77
FAZE3Q,NSE,3072001.0,INE963C01033,CNC,0.0,25.0,0.0,0.0,25.0,0.0,2023-10-02 00:00:00,{},25.0,0.0,0.0,,False,398.8,366.55,368.55,-806.25,-2.0,-0.542667209333876,holdings,NSE:FAZE3Q,366.55,368.0,373.3,363.8,25.0,9970.0,9163.75,9332.5,-806.25,-637.5,-8.09,-6.39,9213.75,-50.0,-8.75
FRSHTRP,BSE,135699716.0,INE795D01011,CNC,0.0,1.0,0.0,0.0,1.0,0.0,2023-10-02 00:00:00,{},1.0,0.0,0.0,,False,188.0,180.05,179.15,-7.949999999999989,0.9000000000000057,0.5023723137036035,holdings,BSE:FRSHTRP,180.05,181.0,184.9,176.0,1.0,188.0,180.05,184.9,-7.95,-3.0999999999999943,-4.23,-1.65,179.15,0.9,-4.44
FSL,BSE,136399108.0,INE684F01012,CNC,0.0,29.0,0.0,0.0,29.0,0.0,2023-10-02 00:00:00,{},29.0,0.0,0.0,,False,168.95,167.55,164.05,-40.59999999999934,3.5,2.1334958854007926,holdings,BSE:FSL,167.55,162.95,168.25,162.95,29.0,4899.55,4858.95,4879.25,-40.6,-20.299999999999272,-0.83,-0.41,4757.45,101.5,-0.85
GANDHITUBE,NSE,3613697.0,INE524B01027,CNC,0.0,14.0,0.0,0.0,14.0,0.0,2023-10-02 00:00:00,{},14.0,0.0,0.0,,False,737.15,685.45,673.3,-723.799999999999,12.150000000000091,1.8045447794445404,holdings,NSE:GANDHITUBE,685.45,662.2,691.65,662.1,14.0,10320.1,9596.3,9683.1,-723.8,-637.0,-7.01,-6.17,9426.2,170.1,-7.68
GARFIBRES,BSE,130446596.0,INE276A01018,CNC,0.0,2.0,0.0,0.0,2.0,0.0,2023-10-02 00:00:00,{},2.0,0.0,0.0,,False,3263.5,3170.95,3185.8,-185.10000000000036,-14.850000000000364,-0.466130956117784,holdings,BSE:GARFIBRES,3170.95,3164.75,3204.95,3164.75,2.0,6527.0,6341.9,6409.9,-185.1,-117.10000000000036,-2.84,-1.79,6371.6,-29.7,-2.91
GENUSPAPER,BSE,137974020.0,INE949P01018,CNC,0.0,449.0,0.0,0.0,449.0,0.0,2023-10-02 00:00:00,{},449.0,0.0,0.0,,False,22.15,22.4,22.01,112.25,0.389999999999997,1.7719218537028487,holdings,BSE:GENUSPAPER,22.4,22.49,22.99,22.11,449.0,9945.35,10057.6,10322.509999999998,112.25,377.15999999999985,1.13,3.79,9882.49,175.11,1.14
GESHIP,NSE,3526657.0,INE017A01032,CNC,0.0,11.0,0.0,0.0,11.0,0.0,2023-10-02 00:00:00,{},11.0,0.0,0.0,,False,873.7,847.2,842.7,-291.5,4.5,0.5339978640085439,holdings,NSE:GESHIP,847.2,848.8,862.0,835.05,11.0,9610.7,9319.2,9482.0,-291.5,-128.70000000000073,-3.03,-1.34,9269.7,49.5,-3.14
GLOBAL,NSE,362241.0,INE291W01029,CNC,0.0,51.0,0.0,0.0,51.0,0.0,2023-10-02 00:00:00,{},51.0,0.0,0.0,,False,193.45,189.0,182.75,-226.94999999999942,6.25,3.4199726402188784,holdings,NSE:GLOBAL,189.0,185.0,191.0,185.0,51.0,9865.95,9639.0,9741.0,-226.95,-124.94999999999891,-2.3,-1.27,9320.25,318.75,-2.44
GLS,NSE,1347841.0,INE03Q201024,CNC,0.0,15.0,0.0,0.0,15.0,0.0,2023-10-02 00:00:00,{},15.0,0.0,0.0,,False,644.5,617.95,621.85,-398.2499999999993,-3.8999999999999773,-0.6271608908900823,holdings,NSE:GLS,617.95,623.9,626.9,617.05,15.0,9667.5,9269.25,9403.5,-398.25,-264.0,-4.12,-2.73,9327.75,-58.5,-4.27
GNA,BSE,138271748.0,INE934S01014,CNC,0.0,9.0,0.0,0.0,9.0,0.0,2023-10-02 00:00:00,{},9.0,0.0,0.0,,False,541.85,472.0,469.5,-628.6500000000002,2.5,0.5324813631522897,holdings,BSE:GNA,472.0,474.15,474.15,470.95,9.0,4876.65,4248.0,4267.349999999999,-628.65,-609.3000000000011,-12.89,-12.49,4225.5,22.5,-14.88
GOACARBON,BSE,130449156.0,INE426D01013,CNC,0.0,9.0,0.0,0.0,9.0,0.0,2023-10-02 00:00:00,{},9.0,0.0,0.0,,False,567.9,517.0,515.7,-458.0999999999998,1.2999999999999545,0.2520845452782537,holdings,BSE:GOACARBON,517.0,519.9,525.6,517.0,9.0,5111.1,4653.0,4730.400000000001,-458.1,-380.6999999999989,-8.96,-7.45,4641.3,11.7,-9.87
GOKEX,NSE,3015169.0,INE887G01027,CNC,0.0,12.0,0.0,0.0,12.0,0.0,2023-10-02 00:00:00,{},12.0,0.0,0.0,,False,793.1,759.55,772.2,-402.6000000000008,-12.650000000000091,-1.6381766381766498,holdings,NSE:GOKEX,759.55,777.9,786.0,747.95,12.0,9517.2,9114.6,9432.0,-402.6,-85.20000000000073,-4.23,-0.9,9266.4,-151.8,-4.34
GOLDIAM,BSE,134842628.0,INE025B01025,CNC,0.0,38.0,0.0,0.0,38.0,0.0,2023-10-02 00:00:00,{},38.0,0.0,0.0,,False,134.1,126.65,126.45,-283.09999999999957,0.20000000000000284,0.1581652827204451,holdings,BSE:GOLDIAM,126.65,127.15,127.6,126.1,38.0,5095.8,4812.7,4848.8,-283.1,-247.0,-5.56,-4.85,4805.1,7.6,-5.89
GRAPHITE,BSE,130428932.0,INE371A01025,CNC,0.0,9.0,0.0,0.0,9.0,0.0,2023-10-02 00:00:00,{},9.0,0.0,0.0,,False,525.6,492.55,481.45,-297.4500000000001,11.100000000000023,2.3055353619275154,holdings,BSE:GRAPHITE,492.55,481.5,501.15,481.5,9.0,4730.4,4432.95,4510.349999999999,-297.45,-220.0500000000011,-6.29,-4.65,4333.05,99.9,-6.86
GRINFRA,NSE,1293825.0,INE201P01022,CNC,0.0,7.0,0.0,0.0,7.0,0.0,2023-10-02 00:00:00,{},7.0,0.0,0.0,,False,1333.45,1207.4,1203.25,-882.3499999999997,4.150000000000091,0.34489923124870897,holdings,NSE:GRINFRA,1207.4,1210.0,1214.85,1195.4,7.0,9334.15,8451.8,8503.949999999999,-882.35,-830.2000000000007,-9.45,-8.89,8422.75,29.05,-10.48
GTPL,BSE,138394116.0,INE869I01013,CNC,0.0,55.0,0.0,0.0,55.0,0.0,2023-10-02 00:00:00,{},55.0,0.0,0.0,,False,181.16,171.0,170.3,-558.7500049999994,0.6999999999999886,0.41103934233704553,holdings,BSE:GTPL,171.0,171.95,172.55,169.6,55.0,9963.75,9405.0,9490.25,-558.75,-473.5000049999999,-5.61,-4.75,9366.5,38.5,-5.97
GUFICBIO,BSE,130324228.0,INE742B01025,CNC,0.0,15.0,0.0,0.0,15.0,0.0,2023-10-02 00:00:00,{},15.0,0.0,0.0,,False,320.45,286.1,287.4,-515.2499999999995,-1.2999999999999545,-0.4523312456506453,holdings,BSE:GUFICBIO,286.1,287.45,295.0,285.65,15.0,4806.75,4291.5,4425.0,-515.25,-381.75,-10.72,-7.94,4311.0,-19.5,-11.95
GULPOLY,NSE,1609217.0,INE255D01024,CNC,0.0,44.0,0.0,0.0,44.0,0.0,2023-10-02 00:00:00,{},44.0,0.0,0.0,,False,226.19,225.4,227.4,-34.60001599999964,-2.0,-0.8795074758135444,holdings,NSE:GULPOLY,225.4,227.4,229.0,224.05,44.0,9952.2,9917.6,10076.0,-34.6,123.79998399999931,-0.35,1.24,10005.6,-88.0,-0.35
HARRMALAYA,BSE,128119556.0,INE544A01019,CNC,0.0,61.0,0.0,0.0,61.0,0.0,2023-10-02 00:00:00,{},61.0,0.0,0.0,,False,161.95,161.9,158.4,-3.0499999999989598,3.5,2.20959595959596,holdings,BSE:HARRMALAYA,161.9,160.9,164.45,159.4,61.0,9878.95,9875.9,10031.449999999999,-3.05,152.5,-0.03,1.54,9662.4,213.5,-0.03
HARSHA,NSE,2857473.0,INE0JUS01029,CNC,0.0,15.0,0.0,0.0,15.0,0.0,2023-10-02 00:00:00,{},15.0,0.0,0.0,,False,457.9,419.4,422.45,-577.5,-3.0500000000000114,-0.7219789324180403,holdings,NSE:HARSHA,419.4,422.55,424.75,417.0,15.0,6868.5,6291.0,6371.25,-577.5,-497.25,-8.41,-7.24,6336.75,-45.75,-9.11
HATHWAY,NSE,4647425.0,INE982F01036,CNC,0.0,483.0,0.0,0.0,483.0,0.0,2023-10-02 00:00:00,{},483.0,0.0,0.0,,False,20.75,20.0,19.9,-362.25,0.10000000000000142,0.5025125628140775,holdings,NSE:HATHWAY,20.0,20.05,20.3,19.85,483.0,10022.25,9660.0,9804.9,-362.25,-217.35000000000036,-3.61,-2.17,9611.7,48.3,-3.77
HEG,NSE,342017.0,INE545A01016,CNC,0.0,2.0,0.0,0.0,2.0,0.0,2023-10-02 00:00:00,{},2.0,0.0,0.0,,False,1843.55,1723.3,1707.8,-240.5,15.5,0.9076004215950346,holdings,NSE:HEG,1723.3,1715.65,1750.0,1710.15,2.0,3687.1,3446.6,3500.0,-240.5,-187.0999999999999,-6.52,-5.07,3415.6,31.0,-7.04
HGS,BSE,136411908.0,INE170I01016,CNC,0.0,4.0,0.0,0.0,4.0,0.0,2023-10-02 00:00:00,{},4.0,0.0,0.0,,False,1039.45,1006.6,994.7,-131.4000000000001,11.899999999999977,1.196340605207598,holdings,BSE:HGS,1006.6,1017.85,1017.85,999.35,4.0,4157.8,4026.4,4071.4,-131.4,-86.40000000000009,-3.16,-2.08,3978.8,47.6,-3.3
HINDCOPPER,BSE,131481348.0,INE531E01026,CNC,0.0,63.0,0.0,0.0,63.0,0.0,2023-10-02 00:00:00,{},63.0,0.0,0.0,,False,158.7,162.55,156.2,242.55000000000143,6.350000000000023,4.065300896286827,holdings,BSE:HINDCOPPER,162.55,157.45,163.2,157.45,63.0,9998.1,10240.65,10281.599999999999,242.55,283.5,2.43,2.84,9840.6,400.05,2.46
HISARMET,BSE,151044612.0,INE598C01011,CNC,0.0,91.0,0.0,0.0,91.0,0.0,2023-10-02 00:00:00,{},91.0,0.0,0.0,,False,208.01,163.2,160.0,-4077.75004,3.1999999999999886,1.9999999999999927,holdings,BSE:HISARMET,163.2,162.0,163.2,160.5,91.0,18928.95,14851.2,14851.199999999999,-4077.75,-4077.750040000001,-21.54,-21.54,14560.0,291.2,-28.01
HOMEFIRST,NSE,526337.0,INE481N01025,CNC,0.0,6.0,0.0,0.0,6.0,0.0,2023-10-02 00:00:00,{},6.0,0.0,0.0,,False,876.0,811.25,820.55,-388.5,-9.299999999999955,-1.13338614344037,holdings,NSE:HOMEFIRST,811.25,822.0,827.1,806.35,6.0,5256.0,4867.5,4962.6,-388.5,-293.39999999999964,-7.39,-5.58,4923.3,-55.8,-7.89
HONDAPOWER,BSE,133648388.0,INE634A01018,CNC,0.0,1.0,0.0,0.0,1.0,0.0,2023-10-02 00:00:00,{},1.0,0.0,0.0,,False,2813.5,2810.0,2830.8,-3.5,-20.800000000000182,-0.7347746220149844,holdings,BSE:HONDAPOWER,2810.0,2854.85,2899.9,2799.55,1.0,2813.5,2810.0,2899.9,-3.5,86.40000000000009,-0.12,3.07,2830.8,-20.8,-0.12
HUHTAMAKI,NSE,655873.0,INE275B01026,CNC,0.0,18.0,0.0,0.0,18.0,0.0,2023-10-02 00:00:00,{},18.0,0.0,0.0,,False,270.32,257.25,252.5,-235.3499999999998,4.75,1.881188118811881,holdings,NSE:HUHTAMAKI,257.25,253.0,259.5,251.0,18.0,4865.85,4630.5,4671.0,-235.35,-194.84999999999945,-4.84,-4.0,4545.0,85.5,-5.18
ICEMAKE,NSE,125185.0,INE520Y01019,CNC,0.0,17.0,0.0,0.0,17.0,0.0,2023-10-02 00:00:00,{},17.0,0.0,0.0,,False,563.96,553.85,554.05,-171.95000199999924,-0.1999999999999318,-0.03609782510602505,holdings,NSE:ICEMAKE,553.85,560.0,567.7,550.05,17.0,9587.4,9415.45,9650.900000000001,-171.95,63.49999800000114,-1.79,0.66,9418.85,-3.4,-1.83
ICICIBANK,BSE,136236548.0,INE090A01021,CNC,0.0,10.0,0.0,0.0,10.0,0.0,2023-10-02 00:00:00,{},10.0,0.0,0.0,,False,992.65,952.05,942.7,-406.0000000000002,9.349999999999909,0.9918319719953229,holdings,BSE:ICICIBANK,952.05,945.75,956.0,944.0,10.0,9926.5,9520.5,9560.0,-406.0,-366.5,-4.09,-3.69,9427.0,93.5,-4.31
IDEAFORGE,NSE,4387841.0,INE349Y01013,CNC,0.0,5.0,0.0,0.0,5.0,0.0,2023-10-02 00:00:00,{},5.0,0.0,0.0,,False,1027.9,898.5,898.35,-647.0000000000005,0.14999999999997726,0.01669727834362746,holdings,NSE:IDEAFORGE,898.5,904.0,916.1,895.35,5.0,5139.5,4492.5,4580.5,-647.0,-559.0,-12.59,-10.88,4491.75,0.75,-14.4
IEX,NSE,56321.0,INE022Q01020,CNC,0.0,50.0,0.0,0.0,50.0,0.0,2023-10-02 00:00:00,{},50.0,0.0,0.0,,False,137.75,132.2,131.05,-277.50000000000057,1.1499999999999773,0.8775276611979986,holdings,NSE:IEX,132.2,131.75,133.0,131.3,50.0,6887.5,6610.0,6650.0,-277.5,-237.5,-4.03,-3.45,6552.5,57.5,-4.24
IGL,NSE,2883073.0,INE203G01027,CNC,0.0,22.0,0.0,0.0,22.0,0.0,2023-10-02 00:00:00,{},22.0,0.0,0.0,,False,473.2,454.85,449.8,-403.69999999999925,5.050000000000011,1.1227212094264143,holdings,NSE:IGL,454.85,450.0,457.05,448.75,22.0,10410.4,10006.7,10055.1,-403.7,-355.2999999999993,-3.88,-3.41,9895.6,111.1,-4.08
IMAGICAA,BSE,137998340.0,INE172N01012,CNC,0.0,157.0,0.0,0.0,157.0,0.0,2023-10-02 00:00:00,{},157.0,0.0,0.0,,False,63.45,52.7,52.77,-1687.75,-0.07000000000000028,-0.13265112753458458,holdings,BSE:IMAGICAA,52.7,52.77,53.7,52.25,157.0,9961.65,8273.9,8430.9,-1687.75,-1530.75,-16.94,-15.37,8284.89,-10.99,-20.37
INANI,BSE,135969028.0,INE635D01027,CNC,0.0,790.0,0.0,0.0,790.0,0.0,2023-10-02 00:00:00,{},790.0,0.0,0.0,,False,21.25,20.43,19.46,-645.0097200000004,0.9699999999999989,4.984583761562172,holdings,BSE:INANI,20.43,19.46,20.8,19.46,790.0,16784.71,16139.7,16432.0,-645.01,-352.7097199999989,-3.84,-2.1,15373.4,766.3,-4.2
INDIAGLYCO,BSE,128051460.0,INE560A01015,CNC,0.0,6.0,0.0,0.0,6.0,0.0,2023-10-02 00:00:00,{},6.0,0.0,0.0,,False,782.2,699.0,696.85,-499.2000000000003,2.1499999999999773,0.3085312477577638,holdings,BSE:INDIAGLYCO,699.0,701.0,708.0,695.75,6.0,4693.2,4194.0,4248.0,-499.2,-445.2000000000007,-10.64,-9.49,4181.1,12.9,-11.94
INDIGOPNTS,NSE,524289.0,INE09VQ01012,CNC,0.0,12.0,0.0,0.0,12.0,0.0,2023-10-02 00:00:00,{},12.0,0.0,0.0,,False,1641.05,1485.8,1485.3,-1863.0,0.5,0.03366323301689894,holdings,NSE:INDIGOPNTS,1485.8,1500.0,1506.65,1481.0,12.0,19692.6,17829.6,18079.800000000003,-1863.0,-1612.7999999999956,-9.46,-8.19,17823.6,6.0,-10.45
INDOCO,NSE,2989313.0,INE873D01024,CNC,0.0,14.0,0.0,0.0,14.0,0.0,2023-10-02 00:00:00,{},14.0,0.0,0.0,,False,362.0,339.0,335.55,-322.0,3.4499999999999886,1.02816271792579,holdings,NSE:INDOCO,339.0,337.25,342.5,334.25,14.0,5068.0,4746.0,4795.0,-322.0,-273.0,-6.35,-5.39,4697.7,48.3,-6.85
INFIBEAM,NSE,4159745.0,INE483S01020,CNC,0.0,278.0,0.0,0.0,278.0,0.0,2023-10-02 00:00:00,{},278.0,0.0,0.0,,False,18.3,17.75,17.6,-152.9000000000002,0.14999999999999858,0.8522727272727191,holdings,NSE:INFIBEAM,17.75,17.75,17.9,17.6,278.0,5087.4,4934.5,4976.2,-152.9,-111.20000000000073,-3.01,-2.19,4892.8,41.7,-3.13
INTENTECH,BSE,136275460.0,INE781A01025,CNC,0.0,114.0,0.0,0.0,114.0,0.0,2023-10-02 00:00:00,{},114.0,0.0,0.0,,False,88.5,81.24,80.42,-827.6400000000006,0.8199999999999932,1.0196468540164052,holdings,BSE:INTENTECH,81.24,81.55,81.55,80.53,114.0,10089.0,9261.36,9296.699999999999,-827.64,-792.3000000000011,-8.2,-7.85,9167.88,93.48,-9.03
INTLCONV,NSE,1435137.0,INE575C01027,CNC,0.0,121.0,0.0,0.0,121.0,0.0,2023-10-02 00:00:00,{},121.0,0.0,0.0,,False,82.35,81.55,80.1,-96.79999999999966,1.4500000000000028,1.8102372034956342,holdings,NSE:INTLCONV,81.55,80.1,82.15,79.5,121.0,9964.35,9867.55,9940.150000000001,-96.8,-24.19999999999709,-0.97,-0.24,9692.1,175.45,-1.0
IOC,NSE,415745.0,INE242A01010,CNC,0.0,105.0,0.0,0.0,105.0,0.0,2023-10-02 00:00:00,{},105.0,0.0,0.0,,False,98.25,90.95,89.8,-766.4999999999997,1.1500000000000057,1.2806236080178237,holdings,NSE:IOC,90.95,90.6,91.15,90.25,105.0,10316.25,9549.75,9570.75,-766.5,-745.5,-7.43,-7.23,9429.0,120.75,-8.13
IPRINGLTD,BSE,134051332.0,INE558A01019,CNC,0.0,67.0,0.0,0.0,67.0,0.0,2023-10-02 00:00:00,{},67.0,0.0,0.0,,False,149.05,138.0,142.0,-740.3500000000008,-4.0,-2.8169014084507045,holdings,BSE:IPRINGLTD,138.0,142.75,142.75,138.0,67.0,9986.35,9246.0,9564.25,-740.35,-422.10000000000036,-7.41,-4.23,9514.0,-268.0,-7.78
ISFT,BSE,136494340.0,INE566K01011,CNC,0.0,68.0,0.0,0.0,68.0,0.0,2023-10-02 00:00:00,{},68.0,0.0,0.0,,False,146.0,144.0,141.25,-136.0,2.75,1.9469026548672566,holdings,BSE:ISFT,144.0,144.0,144.25,140.3,68.0,9928.0,9792.0,9809.0,-136.0,-119.0,-1.37,-1.2,9605.0,187.0,-1.42
ITDC,BSE,136240388.0,INE353K01014,CNC,0.0,16.0,0.0,0.0,16.0,0.0,2023-10-02 00:00:00,{},16.0,0.0,0.0,,False,420.45,376.2,372.1,-708.0,4.099999999999966,1.1018543402311114,holdings,BSE:ITDC,376.2,381.45,381.45,373.45,16.0,6727.2,6019.2,6103.2,-708.0,-624.0,-10.52,-9.28,5953.6,65.6,-11.89
ITDCEM,NSE,1439233.0,INE686A01026,CNC,0.0,21.0,0.0,0.0,21.0,0.0,2023-10-02 00:00:00,{},21.0,0.0,0.0,,False,239.2,216.3,215.1,-480.8999999999995,1.200000000000017,0.5578800557880136,holdings,NSE:ITDCEM,216.3,215.25,218.95,213.65,21.0,5023.2,4542.3,4597.95,-480.9,-425.25,-9.57,-8.47,4517.1,25.2,-10.65
IWEL,BSE,139084036.0,INE0FLR01028,CNC,0.0,6.0,0.0,0.0,6.0,0.0,2023-10-02 00:00:00,{},6.0,0.0,0.0,,False,2797.87,2431.0,2477.05,-2201.2000019999987,-46.05000000000018,-1.8590662279727974,holdings,BSE:IWEL,2431.0,2491.85,2491.85,2431.0,6.0,16787.2,14586.0,14951.099999999999,-2201.2,-1836.1000019999992,-13.11,-10.94,14862.3,-276.3,-14.81
JAGSNPHARM,BSE,129993988.0,INE048B01027,CNC,0.0,20.0,0.0,0.0,20.0,0.0,2023-10-02 00:00:00,{},20.0,0.0,0.0,,False,493.9,420.0,416.0,-1477.9999999999995,4.0,0.9615384615384616,holdings,BSE:JAGSNPHARM,420.0,413.95,422.0,412.1,20.0,9878.0,8400.0,8440.0,-1478.0,-1438.0,-14.96,-14.56,8320.0,80.0,-17.76
JOCIL,NSE,4333313.0,INE839G01010,CNC,0.0,23.0,0.0,0.0,23.0,0.0,2023-10-02 00:00:00,{},23.0,0.0,0.0,,False,223.35,197.8,197.8,-587.6499999999996,0.0,0.0,holdings,NSE:JOCIL,197.8,200.75,201.5,197.0,23.0,5137.05,4549.4,4634.5,-587.65,-502.5500000000002,-11.44,-9.78,4549.4,0.0,-12.92
JSTL,BSE,137942276.0,INE237B01018,CNC,0.0,74.0,0.0,0.0,74.0,0.0,2023-10-02 00:00:00,{},74.0,0.0,0.0,,False,68.12,58.0,58.31,-748.7100220000004,-0.3100000000000023,-0.5316412279197432,holdings,BSE:JSTL,58.0,58.31,58.31,56.85,74.0,5040.71,4292.0,4314.9400000000005,-748.71,-725.7700219999997,-14.85,-14.4,4314.94,-22.94,-17.35
JSWENERGY,NSE,4574465.0,INE121E01018,CNC,0.0,11.0,0.0,0.0,11.0,0.0,2023-10-02 00:00:00,{},11.0,0.0,0.0,,False,432.4,437.4,416.5,55.0,20.899999999999977,5.018007202881147,holdings,NSE:JSWENERGY,437.4,419.6,440.2,417.6,11.0,4756.4,4811.4,4842.2,55.0,85.80000000000018,1.16,1.8,4581.5,229.9,1.2
JSWHL,BSE,136356356.0,INE824G01012,CNC,0.0,0.0,0.0,2.0,0.0,0.0,2023-10-02 00:00:00,{},2.0,0.0,0.0,,False,4994.8,5049.2,4989.95,108.79999999999927,59.25,1.1873866471607932,holdings,BSE:JSWHL,5049.2,4995.8,5171.35,4950.0,2.0,9989.6,10098.4,10342.7,108.8,353.10000000000036,1.09,3.53,9979.9,118.5,1.09
JUBLPHARMA,NSE,931073.0,INE700A01033,CNC,0.0,10.0,0.0,0.0,10.0,0.0,2023-10-02 00:00:00,{},10.0,0.0,0.0,,False,473.25,435.15,425.65,-381.0000000000002,9.5,2.23188065311876,holdings,NSE:JUBLPHARMA,435.15,425.65,442.45,423.95,10.0,4732.5,4351.5,4424.5,-381.0,-308.0,-8.05,-6.51,4256.5,95.0,-8.95
JYOTHYLAB,BSE,136429060.0,INE668F01031,CNC,0.0,14.0,0.0,0.0,14.0,0.0,2023-10-02 00:00:00,{},14.0,0.0,0.0,,False,363.15,361.75,368.55,-19.59999999999968,-6.800000000000011,-1.8450685117351813,holdings,BSE:JYOTHYLAB,361.75,369.95,369.95,357.0,14.0,5084.1,5064.5,5179.3,-19.6,95.20000000000073,-0.39,1.87,5159.7,-95.2,-0.38
KAKATCEM,BSE,128059908.0,INE437B01014,CNC,0.0,42.0,0.0,0.0,42.0,0.0,2023-10-02 00:00:00,{},42.0,0.0,0.0,,False,237.5,220.85,220.7,-699.1500180000005,0.15000000000000568,0.06796556411418472,holdings,BSE:KAKATCEM,220.85,221.7,224.0,218.95,42.0,9974.85,9275.7,9408.0,-699.15,-566.850018000001,-7.01,-5.68,9269.4,6.3,-7.54
KAMDHENU,NSE,3444993.0,INE390H01012,CNC,0.0,16.0,0.0,0.0,16.0,0.0,2023-10-02 00:00:00,{},16.0,0.0,0.0,,False,312.0,290.1,291.5,-350.39999999999964,-1.3999999999999773,-0.4802744425385857,holdings,NSE:KAMDHENU,290.1,292.0,294.5,288.0,16.0,4992.0,4641.6,4712.0,-350.4,-280.0,-7.02,-5.61,4664.0,-22.4,-7.51
KANPRPLA,NSE,456193.0,INE694E01014,CNC,0.0,40.0,0.0,0.0,40.0,0.0,2023-10-02 00:00:00,{},40.0,0.0,0.0,,False,126.7,119.25,119.55,-298.0000000000001,-0.29999999999999716,-0.25094102885821595,holdings,NSE:KANPRPLA,119.25,120.15,120.6,118.7,40.0,5068.0,4770.0,4824.0,-298.0,-244.0,-5.88,-4.81,4782.0,-12.0,-6.23
KDDL,BSE,136205828.0,INE291D01011,CNC,0.0,4.0,0.0,0.0,4.0,0.0,2023-10-02 00:00:00,{},4.0,0.0,0.0,,False,2181.95,2025.0,2039.2,-627.7999999999993,-14.200000000000045,-0.696351510396236,holdings,BSE:KDDL,2025.0,2049.75,2061.9,1999.0,4.0,8727.8,8100.0,8247.6,-627.8,-480.1999999999989,-7.19,-5.5,8156.8,-56.8,-7.7
NITTAGELA,BSE,129672196.0,INE265B01019,CNC,0.0,21.0,0.0,0.0,21.0,0.0,2023-10-02 00:00:00,{},21.0,0.0,0.0,,False,947.83,811.05,803.25,-2872.349991000001,7.7999999999999545,0.9710550887021419,holdings,BSE:NITTAGELA,811.05,800.1,823.0,800.1,21.0,19904.4,17032.05,17283.0,-2872.35,-2621.3999909999984,-14.43,-13.17,16868.25,163.8,-17.03
KEYFINSER,BSE,131224836.0,INE681C01015,CNC,0.0,42.0,0.0,0.0,42.0,0.0,2023-10-02 00:00:00,{},42.0,0.0,0.0,,False,122.0,111.95,112.5,-422.0999999999999,-0.5499999999999972,-0.4888888888888864,holdings,BSE:KEYFINSER,111.95,113.65,113.65,111.6,42.0,5124.0,4701.9,4773.3,-422.1,-350.6999999999998,-8.24,-6.84,4725.0,-23.1,-8.93
KINGFA,BSE,134148868.0,INE473D01015,CNC,0.0,2.0,0.0,0.0,2.0,0.0,2023-10-02 00:00:00,{},2.0,0.0,0.0,,False,2423.3,2348.8,2302.3,-149.0,46.5,2.019719411023759,holdings,BSE:KINGFA,2348.8,2325.65,2396.75,2309.35,2.0,4846.6,4697.6,4793.5,-149.0,-53.100000000000364,-3.07,-1.1,4604.6,93.0,-3.24
KIOCL,NSE,4896257.0,INE880L01014,CNC,0.0,29.0,0.0,0.0,29.0,0.0,2023-10-02 00:00:00,{},29.0,0.0,0.0,,False,340.3,303.05,316.45,-1080.25,-13.399999999999977,-4.234476220571963,holdings,NSE:KIOCL,303.05,309.0,313.15,299.0,29.0,9868.7,8788.45,9081.349999999999,-1080.25,-787.3500000000022,-10.95,-7.98,9177.05,-388.6,-11.77
KIRLOSENG,BSE,136523012.0,INE146L01010,CNC,0.0,9.0,0.0,0.0,9.0,0.0,2023-10-02 00:00:00,{},9.0,0.0,0.0,,False,538.95,540.4,529.5,13.049999999999386,10.899999999999977,2.058545797922564,holdings,BSE:KIRLOSENG,540.4,538.75,546.35,531.75,9.0,4850.55,4863.6,4917.150000000001,13.05,66.60000000000036,0.27,1.37,4765.5,98.1,0.27
KITEX,BSE,133439492.0,INE602G01020,CNC,0.0,0.0,0.0,48.0,0.0,0.0,2023-10-02 00:00:00,{},48.0,0.0,0.0,,False,208.3,208.85,202.6,26.39999999999918,6.25,3.084896347482725,holdings,BSE:KITEX,208.85,203.05,218.4,203.05,48.0,9998.4,10024.8,10483.2,26.4,484.7999999999993,0.26,4.85,9724.8,300.0,0.27
KMSUGAR,BSE,136364292.0,INE157H01023,CNC,0.0,269.0,0.0,0.0,269.0,0.0,2023-10-02 00:00:00,{},269.0,0.0,0.0,,False,37.05,35.34,35.43,-459.9899999999983,-0.0899999999999963,-0.25402201524131046,holdings,BSE:KMSUGAR,35.34,35.7,35.99,34.75,269.0,9966.45,9506.46,9681.310000000001,-459.99,-285.1399999999976,-4.62,-2.86,9530.67,-24.21,-4.83
KOLTEPATIL,NSE,3871745.0,INE094I01018,CNC,0.0,11.0,0.0,0.0,11.0,0.0,2023-10-02 00:00:00,{},11.0,0.0,0.0,,False,456.35,470.15,460.3,151.7999999999995,9.849999999999966,2.139908755159671,holdings,NSE:KOLTEPATIL,470.15,464.95,474.1,460.3,11.0,5019.85,5171.65,5215.1,151.8,195.25,3.02,3.89,5063.3,108.35,3.0
KORE,BSE,128117252.0,INE601A01017,CNC,0.0,1246.0,0.0,0.0,1246.0,0.0,2023-10-02 00:00:00,{},1246.0,0.0,0.0,,False,7.05,7.09,6.88,49.840000000000046,0.20999999999999996,3.0523255813953485,holdings,BSE:KORE,7.09,6.55,7.18,6.55,1246.0,8784.3,8834.14,8946.279999999999,49.84,161.97999999999956,0.57,1.84,8572.48,261.66,0.58
KOTHARIPRO,BSE,135756548.0,INE823A01017,CNC,0.0,38.0,0.0,0.0,38.0,0.0,2023-10-02 00:00:00,{},38.0,0.0,0.0,,False,131.85,123.2,121.5,-328.6999999999997,1.7000000000000028,1.3991769547325126,holdings,BSE:KOTHARIPRO,123.2,123.8,126.95,122.3,38.0,5010.3,4681.6,4824.1,-328.7,-186.19999999999982,-6.56,-3.72,4617.0,64.6,-7.12
KOVAI,BSE,133970692.0,INE177F01017,CNC,0.0,1.0,0.0,0.0,1.0,0.0,2023-10-02 00:00:00,{},1.0,0.0,0.0,,False,2627.5,2591.5,2600.75,-36.0,-9.25,-0.3556666346246275,holdings,BSE:KOVAI,2591.5,2600.0,2607.65,2580.75,1.0,2627.5,2591.5,2607.65,-36.0,-19.84999999999991,-1.37,-0.76,2600.75,-9.25,-1.38
KPITTECH,NSE,2478849.0,INE04I401011,CNC,0.0,4.0,0.0,0.0,4.0,0.0,2023-10-02 00:00:00,{},4.0,0.0,0.0,,False,1201.85,1152.3,1142.4,-198.19999999999982,9.899999999999864,0.8665966386554502,holdings,NSE:KPITTECH,1152.3,1142.4,1174.0,1140.2,4.0,4807.4,4609.2,4696.0,-198.2,-111.39999999999964,-4.12,-2.32,4569.6,39.6,-4.34
KRANTI,BSE,138869508.0,INE911T01010,CNC,0.0,186.0,0.0,0.0,186.0,0.0,2023-10-02 00:00:00,{},186.0,0.0,0.0,,False,108.85,89.4,86.03,-3618.319938,3.3700000000000045,3.917238172730448,holdings,BSE:KRANTI,89.4,85.5,90.5,85.5,186.0,20246.72,16628.4,16833.0,-3618.32,-3413.719938000002,-17.87,-16.86,16001.58,626.82,-22.61
KTKBANK,NSE,2061825.0,INE614B01018,CNC,0.0,39.0,0.0,0.0,39.0,0.0,2023-10-02 00:00:00,{},39.0,0.0,0.0,,False,252.7,248.95,249.0,-146.25,-0.05000000000001137,-0.020080321285145128,holdings,NSE:KTKBANK,248.95,250.4,251.45,247.5,39.0,9855.3,9709.05,9806.55,-146.25,-48.75,-1.48,-0.49,9711.0,-1.95,-1.51
LANDMARK,BSE,139190788.0,INE559R01029,CNC,0.0,6.0,0.0,0.0,6.0,0.0,2023-10-02 00:00:00,{},6.0,0.0,0.0,,False,841.15,782.65,783.8,-351.0,-1.1499999999999773,-0.14672110232201802,holdings,BSE:LANDMARK,782.65,786.8,788.95,773.5,6.0,5046.9,4695.9,4733.700000000001,-351.0,-313.1999999999989,-6.95,-6.21,4702.8,-6.9,-7.46
LIBERTSHOE,NSE,510465.0,INE557B01019,CNC,0.0,0.0,0.0,39.0,0.0,0.0,2023-10-02 00:00:00,{},39.0,0.0,0.0,,False,258.65,265.1,258.0,251.55000000000177,7.100000000000023,2.751937984496133,holdings,NSE:LIBERTSHOE,265.1,258.8,272.95,258.8,39.0,10087.35,10338.9,10645.05,251.55,557.7000000000007,2.49,5.53,10062.0,276.9,2.5
LOKESHMACH,BSE,136381444.0,INE397H01017,CNC,0.0,47.0,0.0,0.0,47.0,0.0,2023-10-02 00:00:00,{},47.0,0.0,0.0,,False,212.6,201.15,201.1,-538.1499999999994,0.05000000000001137,0.02486325211338208,holdings,BSE:LOKESHMACH,201.15,201.5,205.45,200.45,47.0,9992.2,9454.05,9656.15,-538.15,-336.0499999999993,-5.39,-3.36,9451.7,2.35,-5.69
LOVABLE,BSE,136535812.0,INE597L01014,CNC,0.0,70.0,0.0,0.0,70.0,0.0,2023-10-02 00:00:00,{},70.0,0.0,0.0,,False,143.0,130.9,125.9,-846.9999999999995,5.0,3.971405877680699,holdings,BSE:LOVABLE,130.9,127.95,131.65,127.05,70.0,10010.0,9163.0,9215.5,-847.0,-794.5,-8.46,-7.94,8813.0,350.0,-9.61
LOYALTEX,BSE,131593220.0,INE970D01010,CNC,0.0,8.0,0.0,0.0,8.0,0.0,2023-10-02 00:00:00,{},8.0,0.0,0.0,,False,693.5,640.0,634.85,-428.0,5.149999999999977,0.8112152476963026,holdings,BSE:LOYALTEX,640.0,640.0,640.0,639.95,8.0,5548.0,5120.0,5120.0,-428.0,-428.0,-7.71,-7.71,5078.8,41.2,-8.43
LUMAXTECH,NSE,3587585.0,INE872H01027,CNC,0.0,44.0,0.0,0.0,44.0,0.0,2023-10-02 00:00:00,{},44.0,0.0,0.0,,False,406.33,362.0,357.45,-1950.4999799999998,4.550000000000011,1.2729053014407643,holdings,NSE:LUMAXTECH,362.0,357.95,365.0,357.0,44.0,17878.5,15928.0,16060.0,-1950.5,-1818.4999800000005,-10.91,-10.17,15727.8,200.2,-12.4
LUXIND,NSE,2893057.0,INE150G01020,CNC,0.0,12.0,0.0,0.0,12.0,0.0,2023-10-02 00:00:00,{},12.0,0.0,0.0,,False,1674.55,1491.95,1490.5,-2191.199999999999,1.4500000000000455,0.09728279100973132,holdings,NSE:LUXIND,1491.95,1490.0,1501.0,1482.05,12.0,20094.6,17903.4,18012.0,-2191.2,-2082.5999999999985,-10.9,-10.36,17886.0,17.4,-12.25
MAHABANK,BSE,136326404.0,INE457A01014,CNC,0.0,206.0,0.0,0.0,206.0,0.0,2023-10-02 00:00:00,{},206.0,0.0,0.0,,False,48.5,47.68,47.0,-168.92000000000007,0.6799999999999997,1.4468085106382973,holdings,BSE:MAHABANK,47.68,47.35,48.1,47.03,206.0,9991.0,9822.08,9908.6,-168.92,-82.39999999999964,-1.69,-0.82,9682.0,140.08,-1.74
MAHESHWARI,NSE,2451457.0,INE263W01010,CNC,0.0,111.0,0.0,0.0,111.0,0.0,2023-10-02 00:00:00,{},111.0,0.0,0.0,,False,88.6,83.25,82.55,-593.8499999999993,0.7000000000000028,0.8479709267110878,holdings,NSE:MAHESHWARI,83.25,83.4,84.5,82.65,111.0,9834.6,9240.75,9379.5,-593.85,-455.09999999999854,-6.04,-4.63,9163.05,77.7,-6.48
MALLCOM,BSE,138086404.0,INE389C01015,CNC,0.0,9.0,0.0,0.0,9.0,0.0,2023-10-02 00:00:00,{},9.0,0.0,0.0,,False,1114.2,1095.2,1107.75,-171.0,-12.549999999999955,-1.1329271044910816,holdings,BSE:MALLCOM,1095.2,1114.35,1125.0,1094.5,9.0,10027.8,9856.8,10125.0,-171.0,97.19999999999891,-1.71,0.97,9969.75,-112.95,-1.72
MANAKSTELTD,BSE,137995268.0,INE824Q01011,CNC,0.0,0.0,0.0,210.0,0.0,0.0,2023-10-02 00:00:00,{},210.0,0.0,0.0,,False,47.46,47.05,46.8,-86.60001000000072,0.25,0.5341880341880342,holdings,BSE:MANAKSTELTD,47.05,46.8,47.6,45.75,210.0,9967.1,9880.5,9996.0,-86.6,28.89998999999989,-0.87,0.29,9828.0,52.5,-0.88
MANALIPETC,BSE,128068612.0,INE201A01024,CNC,0.0,72.0,0.0,0.0,72.0,0.0,2023-10-02 00:00:00,{},72.0,0.0,0.0,,False,70.75,65.67,64.17,-365.7599999999999,1.5,2.337540906965872,holdings,BSE:MANALIPETC,65.67,64.56,66.25,64.21,72.0,5094.0,4728.24,4770.0,-365.76,-324.0,-7.18,-6.36,4620.24,108.0,-7.92
MAPMYINDIA,NSE,1850113.0,INE0BV301023,CNC,0.0,0.0,0.0,4.0,0.0,0.0,2023-10-02 00:00:00,{},4.0,0.0,0.0,,False,2034.6,1994.55,2037.7,-160.19999999999982,-43.15000000000009,-2.117583550080978,holdings,NSE:MAPMYINDIA,1994.55,2050.15,2053.0,1985.0,4.0,8138.4,7978.2,8212.0,-160.2,73.60000000000036,-1.97,0.9,8150.8,-172.6,-1.97
MAWANASUG,NSE,4357633.0,INE636A01039,CNC,0.0,86.0,0.0,0.0,86.0,0.0,2023-10-02 00:00:00,{},86.0,0.0,0.0,,False,117.2,111.25,111.25,-511.7000000000003,0.0,0.0,holdings,NSE:MAWANASUG,111.25,112.15,112.3,110.35,86.0,10079.2,9567.5,9657.8,-511.7,-421.40000000000146,-5.08,-4.18,9567.5,0.0,-5.35
MAYURUNIQ,BSE,133695748.0,INE040D01038,CNC,0.0,9.0,0.0,0.0,9.0,0.0,2023-10-02 00:00:00,{},9.0,0.0,0.0,,False,554.35,517.45,511.55,-332.0999999999998,5.900000000000034,1.1533574430652007,holdings,BSE:MAYURUNIQ,517.45,513.45,517.9,508.0,9.0,4989.15,4657.05,4661.099999999999,-332.1,-328.0500000000011,-6.66,-6.58,4603.95,53.1,-7.21
MAZDOCK,BSE,139068676.0,INE249Z01012,CNC,0.0,2.0,0.0,0.0,2.0,0.0,2023-10-02 00:00:00,{},2.0,0.0,0.0,,False,2368.9,2192.35,2185.5,-353.10000000000036,6.849999999999909,0.3134294211850794,holdings,BSE:MAZDOCK,2192.35,2204.95,2232.75,2181.6,2.0,4737.8,4384.7,4465.5,-353.1,-272.3000000000002,-7.45,-5.75,4371.0,13.7,-8.08
MBAPL,NSE,3247617.0,INE900L01010,CNC,0.0,8.0,0.0,0.0,8.0,0.0,2023-10-02 00:00:00,{},8.0,0.0,0.0,,False,641.81,610.9,608.25,-247.25,2.6499999999999773,0.43567612001643685,holdings,NSE:MBAPL,610.9,603.0,615.35,603.0,8.0,5134.45,4887.2,4922.8,-247.25,-211.64999999999964,-4.82,-4.12,4866.0,21.2,-5.08
MEDANTA,NSE,3060737.0,INE474Q01031,CNC,0.0,7.0,0.0,0.0,7.0,0.0,2023-10-02 00:00:00,{},7.0,0.0,0.0,,False,712.25,716.05,715.1,26.59999999999968,0.9499999999999318,0.13284855264996948,holdings,NSE:MEDANTA,716.05,718.15,725.0,712.3,7.0,4985.75,5012.35,5075.0,26.6,89.25,0.53,1.79,5005.7,6.65,0.53
MENONBE,NSE,1782017.0,INE071D01033,CNC,0.0,29.0,0.0,0.0,29.0,0.0,2023-10-02 00:00:00,{},29.0,0.0,0.0,,False,157.5,142.7,142.9,-429.20000000000033,-0.20000000000001705,-0.13995801259623308,holdings,NSE:MENONBE,142.7,142.5,144.7,142.0,29.0,4567.5,4138.3,4196.299999999999,-429.2,-371.2000000000007,-9.4,-8.13,4144.1,-5.8,-10.36
MINDTECK,NSE,4620545.0,INE110B01017,CNC,0.0,0.0,0.0,60.0,0.0,0.0,2023-10-02 00:00:00,{},60.0,0.0,0.0,,False,165.05,165.45,156.5,23.999999999998636,8.949999999999989,5.718849840255584,holdings,NSE:MINDTECK,165.45,156.5,174.5,156.5,60.0,9903.0,9927.0,10470.0,24.0,567.0,0.24,5.73,9390.0,537.0,0.26
MIRZAINT,NSE,1124865.0,INE771A01026,CNC,0.0,153.0,0.0,0.0,153.0,0.0,2023-10-02 00:00:00,{},153.0,0.0,0.0,,False,45.89,44.2,43.55,-258.6500189999998,0.6500000000000057,1.492537313432849,holdings,NSE:MIRZAINT,44.2,44.35,44.5,43.35,153.0,7021.25,6762.6,6808.5,-258.65,-212.75001900000007,-3.68,-3.03,6663.15,99.45,-3.88
MNKALCOLTD,BSE,137995524.0,INE859Q01017,CNC,0.0,0.0,0.0,354.0,0.0,0.0,2023-10-02 00:00:00,{},354.0,0.0,0.0,,False,28.25,28.45,27.44,70.79999999999976,1.009999999999998,3.6807580174927037,holdings,BSE:MNKALCOLTD,28.45,27.99,28.93,27.75,354.0,10000.5,10071.3,10241.22,70.8,240.71999999999935,0.71,2.41,9713.76,357.54,0.73
MOLDTEK,BSE,134723332.0,INE835B01035,CNC,0.0,18.0,0.0,0.0,18.0,0.0,2023-10-02 00:00:00,{},18.0,0.0,0.0,,False,389.2,349.25,351.25,-719.0999999999998,-2.0,-0.5693950177935944,holdings,BSE:MOLDTEK,349.25,352.8,355.7,345.0,18.0,7005.6,6286.5,6402.599999999999,-719.1,-603.0,-10.26,-8.61,6322.5,-36.0,-11.37
MOREPENLAB,BSE,128073732.0,INE083A01026,CNC,0.0,126.0,0.0,0.0,126.0,0.0,2023-10-02 00:00:00,{},126.0,0.0,0.0,,False,39.6,37.15,36.33,-308.7000000000004,0.8200000000000003,2.257087806220755,holdings,BSE:MOREPENLAB,37.15,36.5,37.49,36.1,126.0,4989.6,4680.9,4723.740000000001,-308.7,-265.8599999999997,-6.19,-5.33,4577.58,103.32,-6.74
MOTOGENFIN-BE,NSE,2251009.0,INE861B01023,CNC,0.0,532.0,0.0,0.0,532.0,0.0,2023-10-02 00:00:00,{},532.0,0.0,0.0,,False,44.76,32.95,32.95,-6280.599948,0.0,0.0,holdings,NSE:MOTOGENFIN-BE,32.95,32.5,33.45,32.5,532.0,23810.0,17529.4,17795.4,-6280.6,-6014.599947999999,-26.38,-25.26,17529.4,0.0,-35.83
MRO-TEK,BSE,136288260.0,INE398B01018,CNC,0.0,160.0,0.0,0.0,160.0,0.0,2023-10-02 00:00:00,{},160.0,0.0,0.0,,False,62.75,60.52,61.29,-356.95007999999916,-0.769999999999996,-1.2563224016968446,holdings,BSE:MRO-TEK,60.52,61.89,61.89,60.52,160.0,10040.15,9683.2,9902.4,-356.95,-137.7500799999998,-3.56,-1.37,9806.4,-123.2,-3.64
MRPL,NSE,584449.0,INE103A01014,CNC,0.0,51.0,0.0,0.0,51.0,0.0,2023-10-02 00:00:00,{},51.0,0.0,0.0,,False,96.35,95.6,93.95,-38.25,1.6499999999999915,1.756253326237351,holdings,NSE:MRPL,95.6,94.35,96.0,93.8,51.0,4913.85,4875.6,4896.0,-38.25,-17.849999999999454,-0.78,-0.36,4791.45,84.15,-0.8
MUKTAARTS,NSE,2223873.0,INE374B01019,CNC,0.0,78.0,0.0,0.0,78.0,0.0,2023-10-02 00:00:00,{},78.0,0.0,0.0,,False,65.25,64.4,63.7,-66.29999999999956,0.7000000000000028,1.0989010989011034,holdings,NSE:MUKTAARTS,64.4,64.75,65.5,63.1,78.0,5089.5,5023.2,5109.0,-66.3,19.5,-1.3,0.38,4968.6,54.6,-1.33
NAHARCAP,BSE,136435716.0,INE049I01012,CNC,0.0,14.0,0.0,0.0,14.0,0.0,2023-10-02 00:00:00,{},14.0,0.0,0.0,,False,342.0,314.1,310.75,-390.5999999999997,3.3500000000000227,1.0780370072405545,holdings,BSE:NAHARCAP,314.1,312.6,316.05,309.0,14.0,4788.0,4397.4,4424.7,-390.6,-363.3000000000002,-8.16,-7.59,4350.5,46.9,-8.98
NAHARINDUS,NSE,3355137.0,INE289A01011,CNC,0.0,34.0,0.0,0.0,34.0,0.0,2023-10-02 00:00:00,{},34.0,0.0,0.0,,False,148.95,145.55,145.6,-115.59999999999923,-0.04999999999998295,-0.03434065934064763,holdings,NSE:NAHARINDUS,145.55,146.0,149.0,145.0,34.0,5064.3,4948.7,5066.0,-115.6,1.7000000000007276,-2.28,0.03,4950.4,-1.7,-2.34
NAHARPOLY,BSE,133988100.0,INE308A01027,CNC,0.0,19.0,0.0,0.0,19.0,0.0,2023-10-02 00:00:00,{},19.0,0.0,0.0,,False,265.0,251.2,251.55,-262.2000000000002,-0.35000000000002274,-0.13913734843968306,holdings,BSE:NAHARPOLY,251.2,252.25,256.0,251.2,19.0,5035.0,4772.8,4864.0,-262.2,-171.0,-5.21,-3.4,4779.45,-6.65,-5.49
NBCC,BSE,136783108.0,INE095N01031,CNC,0.0,166.0,0.0,0.0,166.0,0.0,2023-10-02 00:00:00,{},166.0,0.0,0.0,,False,60.9,58.51,58.21,-396.7400000000001,0.29999999999999716,0.5153753650575453,holdings,BSE:NBCC,58.51,58.5,59.2,57.85,166.0,10109.4,9712.66,9827.2,-396.74,-282.1999999999989,-3.92,-2.79,9662.86,49.8,-4.11
NBIFIN,NSE,4892417.0,INE365I01020,CNC,0.0,3.0,0.0,0.0,3.0,0.0,2023-10-02 00:00:00,{},3.0,0.0,0.0,,False,1895.67,1798.75,1792.7,-290.7500009999999,6.0499999999999545,0.33747977910414206,holdings,NSE:NBIFIN,1798.75,1864.0,1864.0,1760.9,3.0,5687.0,5396.25,5592.0,-290.75,-95.00000100000034,-5.11,-1.67,5378.1,18.15,-5.41
NCLIND,BSE,128555012.0,INE732C01016,CNC,0.0,21.0,0.0,0.0,21.0,0.0,2023-10-02 00:00:00,{},21.0,0.0,0.0,,False,238.3,232.0,229.5,-132.30000000000024,2.5,1.0893246187363834,holdings,BSE:NCLIND,232.0,230.45,235.3,229.95,21.0,5004.3,4872.0,4941.3,-132.3,-63.0,-2.64,-1.26,4819.5,52.5,-2.75
NDL,BSE,136356100.0,INE875G01030,CNC,0.0,0.0,0.0,405.0,0.0,0.0,2023-10-02 00:00:00,{},405.0,0.0,0.0,,False,24.8,25.04,23.89,97.19999999999936,1.1499999999999986,4.813729593972367,holdings,BSE:NDL,25.04,25.98,25.98,24.72,405.0,10044.0,10141.2,10521.9,97.2,477.89999999999964,0.97,4.76,9675.45,465.75,1.0
NIKHILAD,BSE,134696708.0,INE926C01022,CNC,0.0,93.0,0.0,0.0,93.0,0.0,2023-10-02 00:00:00,{},93.0,0.0,0.0,,False,131.44,116.25,116.3,-1412.9999639999994,-0.04999999999999716,-0.042992261392946825,holdings,BSE:NIKHILAD,116.25,117.4,117.5,115.0,93.0,12224.25,10811.25,10927.5,-1413.0,-1296.7499639999987,-11.56,-10.61,10815.9,-4.65,-13.06
NIRAJ-BE,NSE,66817.0,INE368I01016,CNC,0.0,623.0,0.0,0.0,623.0,0.0,2023-10-02 00:00:00,{},623.0,0.0,0.0,,False,41.05,36.1,36.7,-3082.8002450000004,-0.6000000000000014,-1.634877384196189,holdings,NSE:NIRAJ-BE,36.1,36.55,37.4,35.4,623.0,25573.1,22490.3,23300.2,-3082.8,-2272.9002450000007,-12.05,-8.89,22864.1,-373.8,-13.48
NOIDATOLL,BSE,136315140.0,INE781B01015,CNC,0.0,699.0,0.0,0.0,699.0,0.0,2023-10-02 00:00:00,{},699.0,0.0,0.0,,False,7.15,6.86,6.86,-202.71000000000004,0.0,0.0,holdings,BSE:NOIDATOLL,6.86,6.85,6.94,6.85,699.0,4997.85,4795.14,4851.06,-202.71,-146.78999999999996,-4.06,-2.94,4795.14,0.0,-4.23
NURECA,NSE,601601.0,INE0DSF01015,CNC,0.0,13.0,0.0,0.0,13.0,0.0,2023-10-02 00:00:00,{},13.0,0.0,0.0,,False,377.0,336.05,334.45,-532.3499999999999,1.6000000000000227,0.47839736881447836,holdings,NSE:NURECA,336.05,339.9,339.95,333.0,13.0,4901.0,4368.65,4419.349999999999,-532.35,-481.65000000000055,-10.86,-9.83,4347.85,20.8,-12.24
OIL,NSE,4464129.0,INE274J01014,CNC,0.0,0.0,0.0,33.0,0.0,0.0,2023-10-02 00:00:00,{},33.0,0.0,0.0,,False,295.9,298.85,292.25,97.3500000000015,6.600000000000023,2.258340461933284,holdings,NSE:OIL,298.85,296.0,300.0,290.0,33.0,9764.7,9862.05,9900.0,97.35,135.3000000000011,1.0,1.39,9644.25,217.8,1.01
OSWALAGRO,BSE,128081156.0,INE142A01012,CNC,0.0,277.0,0.0,0.0,277.0,0.0,2023-10-02 00:00:00,{},277.0,0.0,0.0,,False,36.0,35.62,35.02,-105.2600000000007,0.5999999999999943,1.713306681896043,holdings,BSE:OSWALAGRO,35.62,34.56,36.45,34.56,277.0,9972.0,9866.74,10096.650000000001,-105.26,124.65000000000146,-1.06,1.25,9700.54,166.2,-1.09
PALASHSECU,NSE,5474049.0,INE471W01019,CNC,0.0,76.0,0.0,0.0,76.0,0.0,2023-10-02 00:00:00,{},76.0,0.0,0.0,,False,129.8,113.25,114.95,-1257.8000000000009,-1.7000000000000028,-1.4789038712483713,holdings,NSE:PALASHSECU,113.25,118.0,118.0,112.1,76.0,9864.8,8607.0,8968.0,-1257.8,-896.8000000000011,-12.75,-9.09,8736.2,-129.2,-14.4
PAR,NSE,1441537.0,INE04LG01015,CNC,0.0,0.0,0.0,46.0,0.0,0.0,2023-10-02 00:00:00,{},46.0,0.0,0.0,,False,216.51,211.2,212.95,-244.2000159999999,-1.75,-0.8217891523831886,holdings,NSE:PAR,211.2,210.0,216.45,210.0,46.0,9959.4,9715.2,9956.699999999999,-244.2,-2.700016000000687,-2.45,-0.03,9795.7,-80.5,-2.49
PARAS,NSE,1513217.0,INE045601015,CNC,0.0,6.0,0.0,0.0,6.0,0.0,2023-10-02 00:00:00,{},6.0,0.0,0.0,,False,810.0,729.5,729.4,-483.0,0.10000000000002274,0.013709898546753873,holdings,NSE:PARAS,729.5,732.95,737.0,724.15,6.0,4860.0,4377.0,4422.0,-483.0,-438.0,-9.94,-9.01,4376.4,0.6,-11.04
PDMJEPAPER,NSE,3936513.0,INE865T01018,CNC,0.0,184.0,0.0,0.0,184.0,0.0,2023-10-02 00:00:00,{},184.0,0.0,0.0,,False,54.25,52.15,51.95,-386.40000000000026,0.19999999999999574,0.3849855630413777,holdings,NSE:PDMJEPAPER,52.15,51.95,52.9,51.7,184.0,9982.0,9595.6,9733.6,-386.4,-248.39999999999964,-3.87,-2.49,9558.8,36.8,-4.04
PENINLAND,BSE,128775940.0,INE138A01028,CNC,0.0,263.0,0.0,0.0,263.0,0.0,2023-10-02 00:00:00,{},263.0,0.0,0.0,,False,37.85,31.0,30.5,-1801.5500000000004,0.5,1.639344262295082,holdings,BSE:PENINLAND,31.0,30.66,31.49,30.64,263.0,9954.55,8153.0,8281.869999999999,-1801.55,-1672.680000000002,-18.1,-16.8,8021.5,131.5,-22.46
PILANIINVS,BSE,138210052.0,INE417C01014,CNC,0.0,0.0,0.0,4.0,0.0,0.0,2023-10-02 00:00:00,{},4.0,0.0,0.0,,False,2398.84,2394.2,2389.9,-18.55000000000109,4.299999999999727,0.17992384618602147,holdings,BSE:PILANIINVS,2394.2,2429.9,2438.75,2376.2,4.0,9595.35,9576.8,9755.0,-18.55,159.64999999999964,-0.19,1.66,9559.6,17.2,-0.19
PITTIENG,NSE,3618305.0,INE450D01021,CNC,0.0,16.0,0.0,0.0,16.0,0.0,2023-10-02 00:00:00,{},16.0,0.0,0.0,,False,622.7,603.05,599.7,-314.4500000000007,3.349999999999909,0.5586126396531447,holdings,NSE:PITTIENG,603.05,605.7,618.75,596.0,16.0,9963.25,9648.8,9900.0,-314.45,-63.25,-3.16,-0.63,9595.2,53.6,-3.28
PLASTIBLEN,BSE,134053892.0,INE083C01022,CNC,0.0,41.0,0.0,0.0,41.0,0.0,2023-10-02 00:00:00,{},41.0,0.0,0.0,,False,242.9,236.7,234.9,-254.2000000000007,1.799999999999983,0.7662835249042074,holdings,BSE:PLASTIBLEN,236.7,230.05,240.75,230.05,41.0,9958.9,9704.7,9870.75,-254.2,-88.14999999999964,-2.55,-0.89,9630.9,73.8,-2.64
POCL,BSE,136352260.0,INE063E01046,CNC,0.0,10.0,0.0,0.0,10.0,0.0,2023-10-02 00:00:00,{},10.0,0.0,0.0,,False,487.5,461.2,459.85,-263.0000000000001,1.349999999999966,0.2935739915189662,holdings,BSE:POCL,461.2,467.4,467.9,458.8,10.0,4875.0,4612.0,4679.0,-263.0,-196.0,-5.39,-4.02,4598.5,13.5,-5.72
PODDARMENT,NSE,4873217.0,INE371C01013,CNC,0.0,18.0,0.0,0.0,18.0,0.0,2023-10-02 00:00:00,{},18.0,0.0,0.0,,False,372.86,346.55,338.55,-473.5999979999997,8.0,2.363018756461379,holdings,NSE:PODDARMENT,346.55,337.0,349.0,337.0,18.0,6711.5,6237.9,6282.0,-473.6,-429.49999800000023,-7.06,-6.4,6093.9,144.0,-7.77
POKARNA,NSE,4518657.0,INE637C01025,CNC,0.0,20.0,0.0,0.0,20.0,0.0,2023-10-02 00:00:00,{},20.0,0.0,0.0,,False,497.17,471.65,474.9,-510.4000000000008,-3.25,-0.684354600968625,holdings,NSE:POKARNA,471.65,475.8,478.7,468.2,20.0,9943.4,9433.0,9574.0,-510.4,-369.39999999999964,-5.13,-3.72,9498.0,-65.0,-5.37
POLYMED,NSE,6583809.0,INE205C01021,CNC,0.0,4.0,0.0,0.0,4.0,0.0,2023-10-02 00:00:00,{},4.0,0.0,0.0,,False,1501.55,1374.15,1382.9,-509.59999999999945,-8.75,-0.6327283245353966,holdings,NSE:POLYMED,1374.15,1388.8,1390.6,1364.3,4.0,6006.2,5496.6,5562.4,-509.6,-443.8000000000002,-8.48,-7.39,5531.6,-35.0,-9.21
POWERINDIA,BSE,139055876.0,INE07Y701011,CNC,0.0,2.0,0.0,0.0,2.0,0.0,2023-10-02 00:00:00,{},2.0,0.0,0.0,,False,4586.0,4097.0,4125.8,-978.0,-28.800000000000182,-0.6980464394784086,holdings,BSE:POWERINDIA,4097.0,4241.95,4241.95,4094.35,2.0,9172.0,8194.0,8483.9,-978.0,-688.1000000000004,-10.66,-7.5,8251.6,-57.6,-11.85
PRAENG,BSE,136126980.0,INE505C01016,CNC,0.0,671.0,0.0,0.0,671.0,0.0,2023-10-02 00:00:00,{},671.0,0.0,0.0,,False,14.95,13.5,13.6,-972.9499999999995,-0.09999999999999964,-0.7352941176470562,holdings,BSE:PRAENG,13.5,13.4,13.8,13.15,671.0,10031.45,9058.5,9259.800000000001,-972.95,-771.6499999999978,-9.7,-7.69,9125.6,-67.1,-10.66
PRITIKAUTO-BE,NSE,1355777.0,INE583R01029,CNC,0.0,407.0,0.0,0.0,407.0,0.0,2023-10-02 00:00:00,{},407.0,0.0,0.0,,False,24.6,18.8,19.15,-2360.6000000000004,-0.34999999999999787,-1.8276762402088662,holdings,NSE:PRITIKAUTO-BE,18.8,0.0,18.8,18.8,407.0,10012.2,7651.6,7651.6,-2360.6,-2360.6000000000004,-23.58,-23.58,7794.05,-142.45,-30.29
PROZONER,BSE,136876804.0,INE195N01013,CNC,0.0,156.0,0.0,0.0,156.0,0.0,2023-10-02 00:00:00,{},156.0,0.0,0.0,,False,32.55,31.31,31.91,-193.43999999999977,-0.6000000000000014,-1.8802883108743385,holdings,BSE:PROZONER,31.31,31.71,32.9,31.1,156.0,5077.8,4884.36,5132.4,-193.44,54.600000000000364,-3.81,1.08,4977.96,-93.6,-3.89
PSB,BSE,136523524.0,INE608A01012,CNC,0.0,199.0,0.0,0.0,199.0,0.0,2023-10-02 00:00:00,{},199.0,0.0,0.0,,False,50.6,46.47,45.72,-821.8700000000005,0.75,1.6404199475065617,holdings,BSE:PSB,46.47,46.64,47.05,45.8,199.0,10069.4,9247.53,9362.949999999999,-821.87,-706.4500000000007,-8.16,-7.02,9098.28,149.25,-9.03
RADHIKAJWE,BSE,138272004.0,INE583V01021,CNC,0.0,266.0,0.0,0.0,266.0,0.0,2023-10-02 00:00:00,{},266.0,0.0,0.0,,False,37.7,37.24,37.64,-122.36000000000023,-0.3999999999999986,-1.0626992561105169,holdings,BSE:RADHIKAJWE,37.24,37.89,37.99,36.9,266.0,10028.2,9905.84,10105.34,-122.36,77.13999999999942,-1.22,0.77,10012.24,-106.4,-1.22
RAJESHEXPO,BSE,136064004.0,INE343B01030,CNC,0.0,20.0,0.0,0.0,20.0,0.0,2023-10-02 00:00:00,{},20.0,0.0,0.0,,False,535.0,502.15,503.3,-657.0000000000005,-1.150000000000034,-0.2284919531094842,holdings,BSE:RAJESHEXPO,502.15,506.9,506.9,501.0,20.0,10700.0,10043.0,10138.0,-657.0,-562.0,-6.14,-5.25,10066.0,-23.0,-6.53
RAMASTEEL,BSE,138063108.0,INE230R01035,CNC,0.0,127.0,0.0,0.0,127.0,0.0,2023-10-02 00:00:00,{},127.0,0.0,0.0,,False,40.1,35.54,35.14,-579.1200000000003,0.3999999999999986,1.1383039271485447,holdings,BSE:RAMASTEEL,35.54,35.01,36.34,35.01,127.0,5092.7,4513.58,4615.18,-579.12,-477.5199999999995,-11.37,-9.38,4462.78,50.8,-12.98
RAMRAT,NSE,2684161.0,INE207E01023,CNC,0.0,15.0,0.0,0.0,15.0,0.0,2023-10-02 00:00:00,{},15.0,0.0,0.0,,False,324.87,277.35,261.45,-712.8499949999997,15.900000000000034,6.081468732071155,holdings,NSE:RAMRAT,277.35,261.5,283.6,259.1,15.0,4873.1,4160.25,4254.0,-712.85,-619.0999950000005,-14.63,-12.7,3921.75,238.5,-18.18
RATEGAIN,NSE,1837313.0,INE0CLI01024,CNC,0.0,8.0,0.0,0.0,8.0,0.0,2023-10-02 00:00:00,{},8.0,0.0,0.0,,False,615.35,593.45,572.1,-175.19999999999982,21.350000000000023,3.7318650585562003,holdings,NSE:RATEGAIN,593.45,572.1,597.0,563.95,8.0,4922.8,4747.6,4776.0,-175.2,-146.80000000000018,-3.56,-2.98,4576.8,170.8,-3.83
RBL,BSE,136444676.0,INE244J01017,CNC,0.0,12.0,0.0,0.0,12.0,0.0,2023-10-02 00:00:00,{},12.0,0.0,0.0,,False,826.65,839.45,835.3,153.60000000000082,4.150000000000091,0.4968274871303832,holdings,BSE:RBL,839.45,851.6,856.35,820.45,12.0,9919.8,10073.4,10276.2,153.6,356.40000000000146,1.55,3.59,10023.6,49.8,1.53
RELIANCE,BSE,128083204.0,INE002A01018,CNC,0.0,4.0,0.0,0.0,4.0,0.0,2023-10-02 00:00:00,{},4.0,0.0,0.0,,False,2540.85,2346.5,2334.0,-777.3999999999996,12.5,0.5355612682090831,holdings,BSE:RELIANCE,2346.5,2347.95,2369.5,2334.1,4.0,10163.4,9386.0,9478.0,-777.4,-685.3999999999996,-7.65,-6.74,9336.0,50.0,-8.33
REPCOHOME,BSE,137042436.0,INE612J01015,CNC,0.0,12.0,0.0,0.0,12.0,0.0,2023-10-02 00:00:00,{},12.0,0.0,0.0,,False,395.85,383.75,379.65,-145.20000000000027,4.100000000000023,1.0799420518899046,holdings,BSE:REPCOHOME,383.75,372.2,387.0,372.2,12.0,4750.2,4605.0,4644.0,-145.2,-106.20000000000073,-3.06,-2.24,4555.8,49.2,-3.19
RHL,NSE,3880193.0,INE508K01013,CNC,0.0,42.0,0.0,0.0,42.0,0.0,2023-10-02 00:00:00,{},42.0,0.0,0.0,,False,111.65,106.25,105.0,-226.80000000000024,1.25,1.1904761904761905,holdings,NSE:RHL,106.25,105.5,106.9,104.45,42.0,4689.3,4462.5,4489.8,-226.8,-199.5,-4.84,-4.25,4410.0,52.5,-5.14
ROTO,NSE,2316545.0,INE535D01029,CNC,0.0,14.0,0.0,0.0,14.0,0.0,2023-10-02 00:00:00,{},14.0,0.0,0.0,,False,369.0,349.65,349.1,-270.9000000000003,0.5499999999999545,0.15754798052132754,holdings,NSE:ROTO,349.65,349.2,353.95,346.0,14.0,5166.0,4895.1,4955.3,-270.9,-210.69999999999982,-5.24,-4.08,4887.4,7.7,-5.54
RPPL,NSE,1769729.0,INE760W01015,CNC,0.0,59.0,0.0,0.0,59.0,0.0,2023-10-02 00:00:00,{},59.0,0.0,0.0,,False,166.5,174.95,169.55,498.54999999999933,5.399999999999977,3.184901209082853,holdings,NSE:RPPL,174.95,172.4,182.0,169.5,59.0,9823.5,10322.05,10738.0,498.55,914.5,5.08,9.31,10003.45,318.6,4.98
RPSGVENT,BSE,138837252.0,INE425Y01011,CNC,0.0,16.0,0.0,0.0,16.0,0.0,2023-10-02 00:00:00,{},16.0,0.0,0.0,,False,648.1,601.35,596.0,-748.0,5.350000000000023,0.8976510067114132,holdings,BSE:RPSGVENT,601.35,604.0,608.35,597.65,16.0,10369.6,9621.6,9733.6,-748.0,-636.0,-7.21,-6.13,9536.0,85.6,-7.84
RTNINDIA,NSE,6988033.0,INE834M01019,CNC,0.0,167.0,0.0,0.0,167.0,0.0,2023-10-02 00:00:00,{},167.0,0.0,0.0,,False,59.9,56.9,57.2,-501.0,-0.30000000000000426,-0.5244755244755319,holdings,NSE:RTNINDIA,56.9,57.5,58.4,56.6,167.0,10003.3,9502.3,9752.8,-501.0,-250.5,-5.01,-2.5,9552.4,-50.1,-5.24
RUBYMILLS,BSE,128811268.0,INE301D01026,CNC,0.0,19.0,0.0,0.0,19.0,0.0,2023-10-02 00:00:00,{},19.0,0.0,0.0,,False,257.3,249.45,236.1,-149.15000000000043,13.349999999999994,5.654383735705207,holdings,BSE:RUBYMILLS,249.45,244.2,250.65,244.2,19.0,4888.7,4739.55,4762.35,-149.15,-126.34999999999945,-3.05,-2.58,4485.9,253.65,-3.32
RUPA,BSE,136589316.0,INE895B01021,CNC,0.0,18.0,0.0,0.0,18.0,0.0,2023-10-02 00:00:00,{},18.0,0.0,0.0,,False,274.45,261.5,257.8,-233.0999999999998,3.6999999999999886,1.4352211016291654,holdings,BSE:RUPA,261.5,255.0,266.25,252.65,18.0,4940.1,4707.0,4792.5,-233.1,-147.59999999999945,-4.72,-2.99,4640.4,66.6,-5.02
RVHL,BSE,139072260.0,INE09E501017,CNC,0.0,112.0,0.0,0.0,112.0,0.0,2023-10-02 00:00:00,{},112.0,0.0,0.0,,False,44.75,36.34,34.81,-941.9199999999996,1.5300000000000011,4.395288710140767,holdings,BSE:RVHL,36.34,36.5,36.55,33.65,112.0,5012.0,4070.08,4093.5999999999995,-941.92,-918.4000000000005,-18.79,-18.32,3898.72,171.36,-24.16
RVNL,NSE,2445313.0,INE415G01027,CNC,0.0,27.0,0.0,0.0,27.0,0.0,2023-10-02 00:00:00,{},27.0,0.0,0.0,,False,189.25,169.45,166.1,-534.6000000000004,3.3499999999999943,2.016857314870556,holdings,NSE:RVNL,169.45,166.95,171.95,166.2,27.0,5109.75,4575.15,4642.65,-534.6,-467.10000000000036,-10.46,-9.14,4484.7,90.45,-11.92
SAKHTISUG,NSE,760065.0,INE623A01011,CNC,0.0,289.0,0.0,0.0,289.0,0.0,2023-10-02 00:00:00,{},289.0,0.0,0.0,,False,35.25,32.6,32.9,-765.8499999999996,-0.29999999999999716,-0.9118541033434565,holdings,NSE:SAKHTISUG,32.6,33.1,33.15,32.4,289.0,10187.25,9421.4,9580.35,-765.85,-606.8999999999996,-7.52,-5.96,9508.1,-86.7,-8.05
SALONACOT,BSE,151054340.0,INE498E01010,CNC,0.0,18.0,0.0,0.0,18.0,0.0,2023-10-02 00:00:00,{},18.0,0.0,0.0,,False,276.94,265.0,256.35,-214.99999199999957,8.649999999999977,3.374292958845319,holdings,BSE:SALONACOT,265.0,261.55,265.0,251.65,18.0,4985.0,4770.0,4770.0,-215.0,-214.9999919999991,-4.31,-4.31,4614.3,155.7,-4.66
SAMKRG,BSE,133139204.0,INE706B01012,CNC,0.0,91.0,0.0,0.0,91.0,0.0,2023-10-02 00:00:00,{},91.0,0.0,0.0,,False,156.94,144.05,142.55,-1172.7500329999993,1.5,1.0522623640827777,holdings,BSE:SAMKRG,144.05,140.8,144.9,140.65,91.0,14281.3,13108.55,13185.9,-1172.75,-1095.400033,-8.21,-7.67,12972.05,136.5,-9.04
SASTASUNDR,NSE,5136129.0,INE019J01013,CNC,0.0,32.0,0.0,0.0,32.0,0.0,2023-10-02 00:00:00,{},32.0,0.0,0.0,,False,304.92,272.05,271.4,-1052.0,0.6500000000000341,0.23949889462049895,holdings,NSE:SASTASUNDR,272.05,272.4,275.15,270.1,32.0,9757.6,8705.6,8804.8,-1052.0,-952.8000000000011,-10.78,-9.76,8684.8,20.8,-12.11
SCHNEIDER,BSE,136739588.0,INE839M01018,CNC,0.0,27.0,0.0,0.0,27.0,0.0,2023-10-02 00:00:00,{},27.0,0.0,0.0,,False,366.95,364.1,355.6,-76.94999999999908,8.5,2.3903262092238466,holdings,BSE:SCHNEIDER,364.1,356.0,366.25,355.35,27.0,9907.65,9830.7,9888.75,-76.95,-18.899999999999636,-0.78,-0.19,9601.2,229.5,-0.8
SCOOBEEDAY,BSE,135995908.0,INE962E01015,CNC,0.0,81.0,0.0,0.0,81.0,0.0,2023-10-02 00:00:00,{},81.0,0.0,0.0,,False,122.0,100.15,103.5,-1769.8499999999995,-3.3499999999999943,-3.2367149758454055,holdings,BSE:SCOOBEEDAY,100.15,103.5,103.5,99.65,81.0,9882.0,8112.15,8383.5,-1769.85,-1498.5,-17.91,-15.16,8383.5,-271.35,-21.11
SELAN,BSE,135699204.0,INE818A01017,CNC,0.0,23.0,0.0,0.0,23.0,0.0,2023-10-02 00:00:00,{},23.0,0.0,0.0,,False,418.25,410.45,406.95,-179.40000000000026,3.5,0.8600565179997542,holdings,BSE:SELAN,410.45,407.0,422.8,402.6,23.0,9619.75,9440.35,9724.4,-179.4,104.64999999999964,-1.86,1.09,9359.85,80.5,-1.92
SHALPAINTS,BSE,130527748.0,INE849C01026,CNC,0.0,6.0,0.0,0.0,6.0,0.0,2023-10-02 00:00:00,{},6.0,0.0,0.0,,False,161.8,161.15,161.8,-3.900000000000034,-0.6500000000000057,-0.401730531520399,holdings,BSE:SHALPAINTS,161.15,164.5,164.5,160.95,6.0,970.8,966.9,987.0,-3.9,16.199999999999932,-0.4,1.67,970.8,-3.9,-0.4
SHIVTEX,BSE,130843652.0,INE705C01020,CNC,0.0,157.0,0.0,0.0,157.0,0.0,2023-10-02 00:00:00,{},157.0,0.0,0.0,,False,154.51,151.5,150.7,-471.999933000001,0.8000000000000114,0.5308560053085676,holdings,BSE:SHIVTEX,151.5,153.75,153.75,149.7,157.0,24257.5,23785.5,24138.75,-472.0,-118.74993300000278,-1.95,-0.49,23659.9,125.6,-1.99
SHK,NSE,2870273.0,INE500L01026,CNC,0.0,30.0,0.0,0.0,30.0,0.0,2023-10-02 00:00:00,{},30.0,0.0,0.0,,False,167.3,154.25,156.1,-391.50000000000034,-1.8499999999999943,-1.1851377322229304,holdings,NSE:SHK,154.25,156.45,158.55,153.5,30.0,5019.0,4627.5,4756.5,-391.5,-262.5,-7.8,-5.23,4683.0,-55.5,-8.36
SHOPERSTOP,NSE,3024129.0,INE498B01024,CNC,0.0,19.0,0.0,0.0,19.0,0.0,2023-10-02 00:00:00,{},19.0,0.0,0.0,,False,840.8,685.3,664.3,-2954.5,21.0,3.1612223393045316,holdings,NSE:SHOPERSTOP,685.3,669.0,687.5,646.0,19.0,15975.2,13020.7,13062.5,-2954.5,-2912.699999999999,-18.49,-18.23,12621.7,399.0,-23.41
SHREDIGCEM,BSE,128558084.0,INE232A01011,CNC,0.0,52.0,0.0,0.0,52.0,0.0,2023-10-02 00:00:00,{},52.0,0.0,0.0,,False,96.05,91.55,90.72,-234.0,0.8299999999999983,0.9149029982363298,holdings,BSE:SHREDIGCEM,91.55,90.72,91.76,90.6,52.0,4994.6,4760.6,4771.52,-234.0,-223.07999999999902,-4.69,-4.47,4717.44,43.16,-4.96
SIGIND,NSE,1157633.0,INE529F01035,CNC,0.0,0.0,0.0,163.0,0.0,0.0,2023-10-02 00:00:00,{},163.0,0.0,0.0,,False,61.0,60.35,60.75,-105.94999999999976,-0.3999999999999986,-0.6584362139917672,holdings,NSE:SIGIND,60.35,61.45,62.7,59.5,163.0,9943.0,9837.05,10220.1,-105.95,277.10000000000036,-1.07,2.79,9902.25,-65.2,-1.07
SIGMA,NSE,4264449.0,INE0A0S01010,CNC,0.0,8.0,0.0,0.0,8.0,0.0,2023-10-02 00:00:00,{},8.0,0.0,0.0,,False,461.05,471.65,455.85,84.79999999999973,15.799999999999955,3.4660524295272466,holdings,NSE:SIGMA,471.65,450.0,478.6,450.0,8.0,3688.4,3773.2,3828.8,84.8,140.4000000000001,2.3,3.81,3646.8,126.4,2.33
SINTERCOM,NSE,97537.0,INE129Z01016,CNC,0.0,77.0,0.0,0.0,77.0,0.0,2023-10-02 00:00:00,{},77.0,0.0,0.0,,False,128.9,129.5,129.55,46.19999999999956,-0.05000000000001137,-0.03859513701274517,holdings,NSE:SINTERCOM,129.5,130.0,130.0,129.5,77.0,9925.3,9971.5,10010.0,46.2,84.69999999999891,0.47,0.85,9975.35,-3.85,0.46
SKCIL,BSE,135930116.0,INE260E01014,CNC,0.0,33.0,0.0,0.0,33.0,0.0,2023-10-02 00:00:00,{},33.0,0.0,0.0,,False,154.0,146.5,146.1,-247.5,0.4000000000000057,0.273785078713214,holdings,BSE:SKCIL,146.5,143.0,147.9,142.55,33.0,5082.0,4834.5,4880.7,-247.5,-201.30000000000018,-4.87,-3.96,4821.3,13.2,-5.13
SMARTLINK,BSE,136299268.0,INE178C01020,CNC,0.0,57.0,0.0,0.0,57.0,0.0,2023-10-02 00:00:00,{},57.0,0.0,0.0,,False,176.66,181.65,180.0,284.54998500000056,1.6500000000000057,0.9166666666666698,holdings,BSE:SMARTLINK,181.65,180.6,183.1,179.55,57.0,10069.5,10354.05,10436.699999999999,284.55,367.1999849999993,2.83,3.65,10260.0,94.05,2.77
SMSPHARMA,BSE,136400644.0,INE812G01025,CNC,0.0,37.0,0.0,0.0,37.0,0.0,2023-10-02 00:00:00,{},37.0,0.0,0.0,,False,135.45,125.9,124.25,-353.34999999999934,1.6500000000000057,1.3279678068410508,holdings,BSE:SMSPHARMA,125.9,129.0,129.0,125.15,37.0,5011.65,4658.3,4773.0,-353.35,-238.64999999999964,-7.05,-4.76,4597.25,61.05,-7.69
SNOWMAN,NSE,1239809.0,INE734N01019,CNC,0.0,90.0,0.0,0.0,90.0,0.0,2023-10-02 00:00:00,{},90.0,0.0,0.0,,False,55.2,50.45,50.1,-427.5,0.3500000000000014,0.6986027944111804,holdings,NSE:SNOWMAN,50.45,50.4,51.2,50.15,90.0,4968.0,4540.5,4608.0,-427.5,-360.0,-8.61,-7.25,4509.0,31.5,-9.48
SOBHA,NSE,3539457.0,INE671H01015,CNC,0.0,7.0,0.0,0.0,7.0,0.0,2023-10-02 00:00:00,{},7.0,0.0,0.0,,False,700.45,705.65,675.55,36.39999999999952,30.100000000000023,4.455628746946936,holdings,NSE:SOBHA,705.65,681.0,719.0,680.15,7.0,4903.15,4939.55,5033.0,36.4,129.84999999999945,0.74,2.65,4728.85,210.7,0.77
SOLARA,BSE,138634244.0,INE624Z01016,CNC,0.0,24.0,0.0,0.0,24.0,0.0,2023-10-02 00:00:00,{},24.0,0.0,0.0,,False,409.87,357.2,352.55,-1264.0499999999997,4.649999999999977,1.3189618493830597,holdings,BSE:SOLARA,357.2,352.85,359.35,352.85,24.0,9836.85,8572.8,8624.400000000001,-1264.05,-1212.449999999997,-12.85,-12.33,8461.2,111.6,-14.94
SONAMCLOCK,NSE,2254337.0,INE00LM01011,CNC,0.0,157.0,0.0,0.0,157.0,0.0,2023-10-02 00:00:00,{},157.0,0.0,0.0,,False,63.2,63.3,61.65,15.699999999999108,1.6499999999999986,2.676399026763988,holdings,NSE:SONAMCLOCK,63.3,62.0,65.0,61.0,157.0,9922.4,9938.1,10205.0,15.7,282.60000000000036,0.16,2.85,9679.05,259.05,0.16
SREEL,NSE,8150273.0,INE099F01013,CNC,0.0,0.0,0.0,40.0,0.0,0.0,2023-10-02 00:00:00,{},40.0,0.0,0.0,,False,244.78,240.5,237.1,-171.39999999999986,3.4000000000000057,1.4339940953184334,holdings,NSE:SREEL,240.5,238.7,244.45,235.1,40.0,9791.4,9620.0,9778.0,-171.4,-13.399999999999636,-1.75,-0.14,9484.0,136.0,-1.81
SRHHYPOLTD,BSE,136407556.0,INE917H01012,CNC,0.0,18.0,0.0,0.0,18.0,0.0,2023-10-02 00:00:00,{},18.0,0.0,0.0,,False,732.98,609.0,600.0,-2231.6999940000005,9.0,1.5,holdings,BSE:SRHHYPOLTD,609.0,605.85,610.5,598.1,18.0,13193.7,10962.0,10989.0,-2231.7,-2204.6999940000005,-16.91,-16.71,10800.0,162.0,-20.66
STARCEMENT,BSE,138387204.0,INE460H01021,CNC,0.0,42.0,0.0,0.0,42.0,0.0,2023-10-02 00:00:00,{},42.0,0.0,0.0,,False,164.9,152.85,152.85,-506.1000000000005,0.0,0.0,holdings,BSE:STARCEMENT,152.85,151.4,154.05,151.4,42.0,6925.8,6419.7,6470.1,-506.1,-455.6999999999998,-7.31,-6.58,6419.7,0.0,-7.88
STERTOOLS,BSE,135874308.0,INE334A01023,CNC,0.0,0.0,0.0,26.0,0.0,0.0,2023-10-02 00:00:00,{},26.0,0.0,0.0,,False,380.56,377.25,374.4,-86.1500120000004,2.8500000000000227,0.7612179487179549,holdings,BSE:STERTOOLS,377.25,381.9,383.35,375.35,26.0,9894.65,9808.5,9967.1,-86.15,72.4499880000003,-0.87,0.73,9734.4,74.1,-0.89
STYLAMIND,BSE,134899460.0,INE239C01020,CNC,0.0,2.0,0.0,0.0,2.0,0.0,2023-10-02 00:00:00,{},2.0,0.0,0.0,,False,1799.85,1719.45,1739.95,-160.79999999999973,-20.5,-1.1781947757119458,holdings,BSE:STYLAMIND,1719.45,1778.95,1779.05,1709.0,2.0,3599.7,3438.9,3558.1,-160.8,-41.59999999999991,-4.47,-1.16,3479.9,-41.0,-4.62
SUBEXLTD,NSE,247553.0,INE754A01055,CNC,0.0,186.0,0.0,0.0,186.0,0.0,2023-10-02 00:00:00,{},186.0,0.0,0.0,,False,37.6,32.55,32.3,-939.3000000000008,0.25,0.7739938080495357,holdings,NSE:SUBEXLTD,32.55,32.45,32.95,32.3,186.0,6993.6,6054.3,6128.700000000001,-939.3,-864.8999999999996,-13.43,-12.37,6007.8,46.5,-15.63
SUBROS,BSE,132395012.0,INE287B01021,CNC,0.0,11.0,0.0,0.0,11.0,0.0,2023-10-02 00:00:00,{},11.0,0.0,0.0,,False,433.5,387.75,389.7,-503.25,-1.9499999999999886,-0.5003849114703589,holdings,BSE:SUBROS,387.75,393.35,393.8,387.4,11.0,4768.5,4265.25,4331.8,-503.25,-436.6999999999998,-10.55,-9.16,4286.7,-21.45,-11.74
SUDARSCHEM,BSE,129703684.0,INE659A01023,CNC,0.0,18.0,0.0,0.0,18.0,0.0,2023-10-02 00:00:00,{},18.0,0.0,0.0,,False,549.9,478.0,479.05,-1294.149996000001,-1.0500000000000114,-0.21918380127335588,holdings,BSE:SUDARSCHEM,478.0,483.85,483.85,477.05,18.0,9898.15,8604.0,8709.300000000001,-1294.15,-1188.849995999999,-13.07,-12.01,8622.9,-18.9,-15.01
SUPERSPIN,BSE,133422084.0,INE662A01027,CNC,0.0,549.0,0.0,0.0,549.0,0.0,2023-10-02 00:00:00,{},549.0,0.0,0.0,,False,9.1,8.01,7.9,-598.41,0.10999999999999943,1.392405063291132,holdings,BSE:SUPERSPIN,8.01,7.85,8.16,7.85,549.0,4995.9,4397.49,4479.84,-598.41,-516.0599999999995,-11.98,-10.33,4337.1,60.39,-13.8
SUPREME,BSE,135853316.0,INE822E01011,CNC,0.0,110.0,0.0,0.0,110.0,0.0,2023-10-02 00:00:00,{},110.0,0.0,0.0,,False,92.16,77.93,76.13,-1565.2999999999988,1.8000000000000114,2.3643767240247096,holdings,BSE:SUPREME,77.93,74.2,79.0,74.2,110.0,10137.6,8572.3,8690.0,-1565.3,-1447.6000000000004,-15.44,-14.28,8374.3,198.0,-18.69
SURYODAY,NSE,760321.0,INE428Q01011,CNC,0.0,56.0,0.0,0.0,56.0,0.0,2023-10-02 00:00:00,{},56.0,0.0,0.0,,False,181.18,162.85,158.8,-1026.200000000001,4.049999999999983,2.5503778337531378,holdings,NSE:SURYODAY,162.85,159.95,165.3,159.7,56.0,10145.8,9119.6,9256.800000000001,-1026.2,-889.0,-10.11,-8.76,8892.8,226.8,-11.54
SUVEN,NSE,2875649.0,INE495B01038,CNC,0.0,65.0,0.0,0.0,65.0,0.0,2023-10-02 00:00:00,{},65.0,0.0,0.0,,False,78.35,71.05,70.5,-474.49999999999983,0.5499999999999972,0.7801418439716272,holdings,NSE:SUVEN,71.05,70.9,73.5,70.55,65.0,5092.75,4618.25,4777.5,-474.5,-315.25,-9.32,-6.19,4582.5,35.75,-10.35
SWANENERGY,BSE,128847364.0,INE665A01038,CNC,0.0,32.0,0.0,0.0,32.0,0.0,2023-10-02 00:00:00,{},32.0,0.0,0.0,,False,311.0,287.25,286.95,-760.0,0.30000000000001137,0.10454783063251834,holdings,BSE:SWANENERGY,287.25,292.95,292.95,285.05,32.0,9952.0,9192.0,9374.4,-760.0,-577.6000000000004,-7.64,-5.8,9182.4,9.6,-8.28
SYNCOMF,NSE,3069953.0,INE312C01025,CNC,0.0,799.0,0.0,0.0,799.0,0.0,2023-10-02 00:00:00,{},799.0,0.0,0.0,,False,8.8,8.4,8.45,-319.6000000000003,-0.049999999999998934,-0.5917159763313483,holdings,NSE:SYNCOMF,8.4,8.45,8.55,8.35,799.0,7031.2,6711.6,6831.450000000001,-319.6,-199.75,-4.55,-2.84,6751.55,-39.95,-4.73
TALBROAUTO,NSE,3493889.0,INE187D01011,CNC,0.0,5.0,0.0,0.0,5.0,0.0,2023-10-02 00:00:00,{},5.0,0.0,0.0,,False,1068.47,1045.9,1040.0,-112.84999999999968,5.900000000000091,0.5673076923077011,holdings,NSE:TALBROAUTO,1045.9,1054.0,1069.9,1040.05,5.0,5342.35,5229.5,5349.5,-112.85,7.149999999999636,-2.11,0.13,5200.0,29.5,-2.17
TARC,NSE,404737.0,INE0EK901012,CNC,0.0,52.0,0.0,0.0,52.0,0.0,2023-10-02 00:00:00,{},52.0,0.0,0.0,,False,95.25,94.8,90.6,-23.400000000000148,4.200000000000003,4.635761589403977,holdings,NSE:TARC,94.8,90.65,95.8,90.65,52.0,4953.0,4929.6,4981.599999999999,-23.4,28.599999999999454,-0.47,0.58,4711.2,218.4,-0.5
TATAELXSI,NSE,873217.0,INE670A01012,CNC,0.0,2.0,0.0,0.0,2.0,0.0,2023-10-02 00:00:00,{},2.0,0.0,0.0,,False,7633.0,7227.15,7228.0,-811.7000000000007,-0.8500000000003638,-0.01175982291090708,holdings,NSE:TATAELXSI,7227.15,7248.0,7264.0,7206.0,2.0,15266.0,14454.3,14528.0,-811.7,-738.0,-5.32,-4.83,14456.0,-1.7,-5.61
TBZ,BSE,136798468.0,INE760L01018,CNC,0.0,41.0,0.0,0.0,41.0,0.0,2023-10-02 00:00:00,{},41.0,0.0,0.0,,False,119.5,117.45,110.95,-84.04999999999988,6.5,5.8584948174853535,holdings,BSE:TBZ,117.45,111.7,118.15,110.7,41.0,4899.5,4815.45,4844.150000000001,-84.05,-55.349999999999454,-1.72,-1.13,4548.95,266.5,-1.85
TCI,BSE,136281348.0,INE688A01022,CNC,0.0,12.0,0.0,0.0,12.0,0.0,2023-10-02 00:00:00,{},12.0,0.0,0.0,,False,826.35,783.4,785.6,-515.4000000000005,-2.2000000000000455,-0.2800407331975618,holdings,BSE:TCI,783.4,783.55,791.2,780.4,12.0,9916.2,9400.8,9494.400000000001,-515.4,-421.7999999999993,-5.2,-4.25,9427.2,-26.4,-5.47
THEMISMED,BSE,135730948.0,INE083B01016,CNC,0.0,5.0,0.0,0.0,5.0,0.0,2023-10-02 00:00:00,{},5.0,0.0,0.0,,False,1730.96,1825.0,1760.05,470.1999999999998,64.95000000000005,3.690236072838843,holdings,BSE:THEMISMED,1825.0,1766.8,1825.0,1766.8,5.0,8654.8,9125.0,9125.0,470.2,470.2000000000007,5.43,5.43,8800.25,324.75,5.34
TIDEWATER,NSE,3588865.0,INE484C01030,CNC,0.0,8.0,0.0,0.0,8.0,0.0,2023-10-02 00:00:00,{},8.0,0.0,0.0,,False,1238.35,1216.85,1230.9,-172.0,-14.050000000000182,-1.141441221870191,holdings,NSE:TIDEWATER,1216.85,1234.0,1244.0,1210.0,8.0,9906.8,9734.8,9952.0,-172.0,45.20000000000073,-1.74,0.46,9847.2,-112.4,-1.75
TIINDIA,NSE,79873.0,INE974X01010,CNC,0.0,1.0,0.0,0.0,1.0,0.0,2023-10-02 00:00:00,{},1.0,0.0,0.0,,False,3694.95,2988.3,3103.8,-706.6499999999996,-115.5,-3.7212449255751014,holdings,NSE:TIINDIA,2988.3,3040.0,3100.3,2905.0,1.0,3694.95,2988.3,3100.3,-706.65,-594.6499999999996,-19.12,-16.09,3103.8,-115.5,-22.77
TIMEX,BSE,128105988.0,INE064A01026,CNC,0.0,56.0,0.0,0.0,56.0,0.0,2023-10-02 00:00:00,{},56.0,0.0,0.0,,False,173.65,153.8,152.05,-1111.5999999999997,1.75,1.1509371917132523,holdings,BSE:TIMEX,153.8,151.0,153.8,151.0,56.0,9724.4,8612.8,8612.800000000001,-1111.6,-1111.5999999999985,-11.43,-11.43,8514.8,98.0,-13.05
TREL,BSE,139252484.0,INE0O3901029,CNC,0.0,0.0,0.0,229.0,0.0,0.0,2023-10-02 00:00:00,{},229.0,0.0,0.0,,False,43.75,43.56,42.94,-43.50999999999948,0.6200000000000045,1.4438751746623302,holdings,BSE:TREL,43.56,43.99,45.95,42.9,229.0,10018.75,9975.24,10522.550000000001,-43.51,503.8000000000011,-0.43,5.03,9833.26,141.98,-0.44
TRF,BSE,129498628.0,INE391D01019,CNC,0.0,40.0,0.0,0.0,40.0,0.0,2023-10-02 00:00:00,{},40.0,0.0,0.0,,False,247.55,238.8,235.25,-350.0,3.5500000000000114,1.5090329436769443,holdings,BSE:TRF,238.8,235.5,241.4,235.45,40.0,9902.0,9552.0,9656.0,-350.0,-246.0,-3.53,-2.48,9410.0,142.0,-3.72
UDAICEMENT,BSE,135713540.0,INE225C01029,CNC,0.0,208.0,0.0,0.0,208.0,0.0,2023-10-02 00:00:00,{},208.0,0.0,0.0,,False,33.6,31.47,32.08,-443.04000000000053,-0.6099999999999994,-1.9014962593516194,holdings,BSE:UDAICEMENT,31.47,32.22,32.56,30.54,208.0,6988.8,6545.76,6772.4800000000005,-443.04,-216.3199999999997,-6.34,-3.1,6672.64,-126.88,-6.64
UGROCAP,NSE,1360129.0,INE583D01011,CNC,0.0,16.0,0.0,0.0,16.0,0.0,2023-10-02 00:00:00,{},16.0,0.0,0.0,,False,305.05,280.05,280.0,-400.0,0.05000000000001137,0.01785714285714692,holdings,NSE:UGROCAP,280.05,280.25,285.85,278.55,16.0,4880.8,4480.8,4573.6,-400.0,-307.1999999999998,-8.2,-6.29,4480.0,0.8,-8.93
UNIDT,NSE,51457.0,INE961D01019,CNC,0.0,38.0,0.0,0.0,38.0,0.0,2023-10-02 00:00:00,{},38.0,0.0,0.0,,False,257.25,243.05,237.0,-539.5999999999996,6.050000000000011,2.55274261603376,holdings,NSE:UNIDT,243.05,237.0,248.0,237.0,38.0,9775.5,9235.9,9424.0,-539.6,-351.5,-5.52,-3.6,9006.0,229.9,-5.99
UNIENTER,NSE,2891009.0,INE037A01022,CNC,0.0,56.0,0.0,0.0,56.0,0.0,2023-10-02 00:00:00,{},56.0,0.0,0.0,,False,179.9,163.75,161.45,-904.4000000000003,2.3000000000000114,1.424589656240329,holdings,NSE:UNIENTER,163.75,162.5,166.5,160.55,56.0,10074.4,9170.0,9324.0,-904.4,-750.3999999999996,-8.98,-7.45,9041.2,128.8,-10.0
UNITEDTEA,NSE,4607745.0,INE458F01011,CNC,0.0,14.0,0.0,0.0,14.0,0.0,2023-10-02 00:00:00,{},14.0,0.0,0.0,,False,350.35,314.65,312.55,-499.80000000000064,2.099999999999966,0.671892497200437,holdings,NSE:UNITEDTEA,314.65,312.55,316.8,312.05,14.0,4904.9,4405.1,4435.2,-499.8,-469.7000000000007,-10.19,-9.58,4375.7,29.4,-11.42
UNIVCABLES,NSE,923393.0,INE279A01012,CNC,0.0,10.0,0.0,0.0,10.0,0.0,2023-10-02 00:00:00,{},10.0,0.0,0.0,,False,486.8,481.15,477.2,-56.50000000000034,3.9499999999999886,0.8277451802179356,holdings,NSE:UNIVCABLES,481.15,479.7,489.6,476.3,10.0,4868.0,4811.5,4896.0,-56.5,28.0,-1.16,0.58,4772.0,39.5,-1.18
UPL,BSE,131089924.0,INE628A01036,CNC,0.0,16.0,0.0,0.0,16.0,0.0,2023-10-02 00:00:00,{},16.0,0.0,0.0,,False,635.0,616.25,605.0,-300.0,11.25,1.859504132231405,holdings,BSE:UPL,616.25,614.95,621.5,609.4,16.0,10160.0,9860.0,9944.0,-300.0,-216.0,-2.95,-2.13,9680.0,180.0,-3.1
UTTAMSUGAR,NSE,3424257.0,INE786F01031,CNC,0.0,23.0,0.0,0.0,23.0,0.0,2023-10-02 00:00:00,{},23.0,0.0,0.0,,False,438.0,418.05,421.35,-458.79999799999916,-3.3000000000000114,-0.7831968672125338,holdings,NSE:UTTAMSUGAR,418.05,422.3,425.85,415.1,23.0,10073.95,9615.15,9794.550000000001,-458.8,-279.39999799999896,-4.55,-2.77,9691.05,-75.9,-4.73
VAKRANGEE,BSE,130926340.0,INE051B01021,CNC,0.0,282.0,0.0,0.0,282.0,0.0,2023-10-02 00:00:00,{},282.0,0.0,0.0,,False,18.1,17.46,17.16,-180.48000000000016,0.3000000000000007,1.7482517482517526,holdings,BSE:VAKRANGEE,17.46,17.18,17.54,17.0,282.0,5104.2,4923.72,4946.28,-180.48,-157.92000000000098,-3.54,-3.09,4839.12,84.6,-3.73
VIKASLIFE,BSE,138919684.0,INE161L01027,CNC,0.0,825.0,0.0,0.0,825.0,0.0,2023-10-02 00:00:00,{},825.0,0.0,0.0,,False,6.2,5.37,5.37,-684.7500000000001,0.0,0.0,holdings,BSE:VIKASLIFE,5.37,5.4,5.46,5.3,825.0,5115.0,4430.25,4504.5,-684.75,-610.5,-13.39,-11.94,4430.25,0.0,-15.46
WATERBASE,BSE,134056964.0,INE054C01015,CNC,0.0,77.0,0.0,0.0,77.0,0.0,2023-10-02 00:00:00,{},77.0,0.0,0.0,,False,90.02,82.68,82.34,-564.8399679999998,0.3400000000000034,0.4129220306048134,holdings,BSE:WATERBASE,82.68,82.45,83.55,81.9,77.0,6931.2,6366.36,6433.349999999999,-564.84,-497.84996800000044,-8.15,-7.18,6340.18,26.18,-8.91
WELSPUNIND,NSE,2880769.0,INE192B01031,CNC,0.0,40.0,0.0,0.0,40.0,0.0,2023-10-02 00:00:00,{},40.0,0.0,0.0,,False,125.8,121.45,121.05,-173.99999999999977,0.4000000000000057,0.33044196612970317,holdings,NSE:WELSPUNIND,121.45,122.25,123.15,121.0,40.0,5032.0,4858.0,4926.0,-174.0,-106.0,-3.46,-2.11,4842.0,16.0,-3.59
YUKEN,NSE,1408257.0,INE384C01016,CNC,0.0,6.0,0.0,0.0,6.0,0.0,2023-10-02 00:00:00,{},6.0,0.0,0.0,,False,759.3,737.25,729.45,-132.29999999999973,7.7999999999999545,1.0692987867571395,holdings,NSE:YUKEN,737.25,736.0,764.7,722.0,6.0,4555.8,4423.5,4588.200000000001,-132.3,32.400000000001455,-2.9,0.71,4376.7,46.8,-3.02
ZENSARTECH,BSE,129041156.0,INE520A01027,CNC,0.0,18.0,0.0,0.0,18.0,0.0,2023-10-02 00:00:00,{},18.0,0.0,0.0,,False,538.95,518.0,513.2,-377.1000000000008,4.7999999999999545,0.9353078721745819,holdings,BSE:ZENSARTECH,518.0,513.25,522.2,511.75,18.0,9701.1,9324.0,9399.6,-377.1,-301.5,-3.89,-3.11,9237.6,86.4,-4.08
